 0,0,1.1
 0,1,1.1
 0.0001,0,1.099999995
 0.0001,1,1.099999995
 0.00021,0,1.099999978
 0.00021,1,1.099999978
 0.000331,0,1.099999945
 0.000331,1,1.099999945
 0.0004641,0,1.099999892
 0.0004641,1,1.099999892
 0.00061051,0,1.099999814
 0.00061051,1,1.099999814
 0.000771561,0,1.099999702
 0.000771561,1,1.099999702
 0.0009487171,0,1.09999955
 0.0009487171,1,1.09999955
 0.00114358881,0,1.099999346
 0.00114358881,1,1.099999346
 0.001357947691,0,1.099999078
 0.001357947691,1,1.099999078
 0.00159374246,0,1.09999873
 0.00159374246,1,1.09999873
 0.001853116706,0,1.099998283
 0.001853116706,1,1.099998283
 0.002138428377,0,1.099997714
 0.002138428377,1,1.099997714
 0.002452271214,0,1.099996993
 0.002452271214,1,1.099996993
 0.002797498336,0,1.099996087
 0.002797498336,1,1.099996087
 0.003177248169,0,1.099994953
 0.003177248169,1,1.099994953
 0.003594972986,0,1.099993538
 0.003594972986,1,1.099993538
 0.004054470285,0,1.099991781
 0.004054470285,1,1.099991781
 0.004559917313,0,1.099989604
 0.004559917313,1,1.099989604
 0.005115909045,0,1.099986914
 0.005115909045,1,1.099986914
 0.005727499949,0,1.099983598
 0.005727499949,1,1.099983598
 0.006400249944,0,1.099979518
 0.006400249944,1,1.099979518
 0.007140274939,0,1.099974508
 0.007140274939,1,1.099974508
 0.007954302433,0,1.099968365
 0.007954302433,1,1.099968365
 0.008849732676,0,1.099960841
 0.008849732676,1,1.099960841
 0.009834705943,0,1.099951639
 0.009834705943,1,1.099951639
 0.01091817654,0,1.099940397
 0.01091817654,1,1.099940397
 0.01210999419,0,1.099926674
 0.01210999419,1,1.099926674
 0.01342099361,0,1.099909938
 0.01342099361,1,1.099909938
 0.01486309297,0,1.099889544
 0.01486309297,1,1.099889544
 0.01644940227,0,1.099864709
 0.01644940227,1,1.099864709
 0.0181943425,0,1.099834483
 0.0181943425,1,1.099834483
 0.02011377675,0,1.099797718
 0.02011377675,1,1.099797718
 0.02222515442,0,1.099753021
 0.02222515442,1,1.099753021
 0.02454766986,0,1.099698706
 0.02454766986,1,1.099698706
 0.02710243685,0,1.099632729
 0.02710243685,1,1.099632729
 0.02991268053,0,1.099552616
 0.02991268053,1,1.099552616
 0.03300394859,0,1.09945537
 0.03300394859,1,1.09945537
 0.03640434344,0,1.099337362
 0.03640434344,1,1.099337362
 0.04014477779,0,1.099194198
 0.04014477779,1,1.099194198
 0.04425925557,0,1.099020559
 0.04425925557,1,1.099020559
 0.04878518112,0,1.098810003
 0.04878518112,1,1.098810003
 0.05376369924,0,1.098554732
 0.05376369924,1,1.098554732
 0.05924006916,0,1.098245307
 0.05924006916,1,1.098245307
 0.06526407608,0,1.0978703
 0.06526407608,1,1.0978703
 0.07189048369,0,1.097415879
 0.07189048369,1,1.097415879
 0.07917953205,0,1.096865301
 0.07917953205,1,1.096865301
 0.08719748526,0,1.096198299
 0.08719748526,1,1.096198299
 0.09601723378,0,1.095390345
 0.09601723378,1,1.095390345
 0.1057189572,0,1.094411751
 0.1057189572,1,1.094411751
 0.1163908529,0,1.093226585
 0.1163908529,1,1.093226585
 0.1281299382,0,1.091791359
 0.1281299382,1,1.091791359
 0.141042932,0,1.090053446
 0.141042932,1,1.090053446
 0.1552472252,0,1.08794915
 0.1552472252,1,1.08794915
 0.1708719477,0,1.085401389
 0.1708719477,1,1.085401389
 0.1880591425,0,1.082316879
 0.1880591425,1,1.082316879
 0.2069650567,0,1.078582733
 0.2069650567,1,1.078582733
 0.2277615624,0,1.074062335
 0.2277615624,1,1.074062335
 0.2497143447,0,1.068821373
 0.2497143447,1,1.068821373
 0.2697372233,0,1.063620915
 0.2697372233,1,1.063620915
 0.2882737824,0,1.058449113
 0.2882737824,1,1.058449113
 0.3056184052,0,1.053298695
 0.3056184052,1,1.053298695
 0.3219786764,0,1.048164866
 0.3219786764,1,1.048164866
 0.3375076551,0,1.043044291
 0.3375076551,1,1.043044291
 0.3523221339,0,1.037934557
 0.3523221339,1,1.037934557
 0.3665136919,0,1.032833857
 0.3665136919,1,1.032833857
 0.380155747,0,1.027740804
 0.380155747,1,1.027740804
 0.3933082511,0,1.02265431
 0.3933082511,1,1.02265431
 0.4060209262,0,1.017573504
 0.4060209262,1,1.017573504
 0.4183355624,0,1.012497679
 0.4183355624,1,1.012497679
 0.4302876899,0,1.007426252
 0.4302876899,1,1.007426252
 0.4419078225,0,1.002358738
 0.4419078225,1,1.002358738
 0.4532223993,0,0.9972947284
 0.4532223993,1,0.9972947284
 0.4642545107,0,0.9922338746
 0.4642545107,1,0.9922338746
 0.4750244653,0,0.9871758787
 0.4750244653,1,0.9871758787
 0.4855502389,0,0.9821204827
 0.4855502389,1,0.9821204827
 0.4958478345,0,0.9770674625
 0.4958478345,1,0.9770674625
 0.5059315732,0,0.9720166216
 0.5059315732,1,0.9720166216
 0.5158143326,0,0.9669677871
 0.5158143326,1,0.9669677871
 0.525507743,0,0.961920806
 0.525507743,1,0.961920806
 0.5350223507,0,0.9568755422
 0.5350223507,1,0.9568755422
 0.5443677546,0,0.9518318739
 0.5443677546,1,0.9518318739
 0.5535527219,0,0.9467896921
 0.5535527219,1,0.9467896921
 0.5625852852,0,0.9417488985
 0.5625852852,1,0.9417488985
 0.5714728266,0,0.9367094043
 0.5714728266,1,0.9367094043
 0.5802221489,0,0.9316711289
 0.5802221489,1,0.9316711289
 0.588839538,0,0.9266339992
 0.588839538,1,0.9266339992
 0.5973308156,0,0.9215979483
 0.5973308156,1,0.9215979483
 0.6057013866,0,0.9165629151
 0.6057013866,1,0.9165629151
 0.6139562794,0,0.9115288435
 0.6139562794,1,0.9115288435
 0.6221001818,0,0.9064956819
 0.6221001818,1,0.9064956819
 0.6301374725,0,0.9014633829
 0.6301374725,1,0.9014633829
 0.638072249,0,0.8964319026
 0.638072249,1,0.8964319026
 0.6459083522,0,0.8914012003
 0.6459083522,1,0.8914012003
 0.6536493885,0,0.8863712385
 0.6536493885,1,0.8863712385
 0.6612987493,0,0.8813419821
 0.6612987493,1,0.8813419821
 0.6688596285,0,0.8763133987
 0.6688596285,1,0.8763133987
 0.6763350386,0,0.8712854578
 0.6763350386,1,0.8712854578
 0.6837278243,0,0.8662581311
 0.6837278243,1,0.8662581311
 0.6910406757,0,0.8612313922
 0.6910406757,1,0.8612313922
 0.6982761398,0,0.8562052163
 0.6982761398,1,0.8562052163
 0.7054366308,0,0.85117958
 0.7054366308,1,0.85117958
 0.7125244397,0,0.8461544614
 0.7125244397,1,0.8461544614
 0.7195417428,0,0.8411298402
 0.7195417428,1,0.8411298402
 0.72649061,0,0.8361056968
 0.72649061,1,0.8361056968
 0.7333730114,0,0.8310820131
 0.7333730114,1,0.8310820131
 0.7401908243,0,0.8260587718
 0.7401908243,1,0.8260587718
 0.7469458392,0,0.8210359567
 0.7469458392,1,0.8210359567
 0.7536397649,0,0.8160135524
 0.7536397649,1,0.8160135524
 0.7602742344,0,0.8109915443
 0.7602742344,1,0.8109915443
 0.7668508087,0,0.8059699186
 0.7668508087,1,0.8059699186
 0.7733709818,0,0.8009486623
 0.7733709818,1,0.8009486623
 0.7798361843,0,0.7959277628
 0.7798361843,1,0.7959277628
 0.7862477873,0,0.7909072085
 0.7862477873,1,0.7909072085
 0.7926071056,0,0.7858869881
 0.7926071056,1,0.7858869881
 0.7989154013,0,0.7808670908
 0.7989154013,1,0.7808670908
 0.8051738863,0,0.7758475064
 0.8051738863,1,0.7758475064
 0.811383725,0,0.7708282254
 0.811383725,1,0.7708282254
 0.8175460374,0,0.7658092383
 0.8175460374,1,0.7658092383
 0.823661901,0,0.7607905364
 0.823661901,1,0.7607905364
 0.8297323529,0,0.7557721113
 0.8297323529,1,0.7557721113
 0.8357583925,0,0.7507539547
 0.8357583925,1,0.7507539547
 0.8417409827,0,0.745736059
 0.8417409827,1,0.745736059
 0.8476810523,0,0.7407184168
 0.8476810523,1,0.7407184168
 0.8535794972,0,0.7357010209
 0.8535794972,1,0.7357010209
 0.8594371825,0,0.7306838647
 0.8594371825,1,0.7306838647
 0.8652549433,0,0.7256669415
 0.8652549433,1,0.7256669415
 0.871033587,0,0.7206502452
 0.871033587,1,0.7206502452
 0.8767738938,0,0.7156337696
 0.8767738938,1,0.7156337696
 0.8824766183,0,0.7106175091
 0.8824766183,1,0.7106175091
 0.8881424908,0,0.705601458
 0.8881424908,1,0.705601458
 0.8937722181,0,0.7005856111
 0.8937722181,1,0.7005856111
 0.8993664846,0,0.6955699632
 0.8993664846,1,0.6955699632
 0.9049259535,0,0.6905545094
 0.9049259535,1,0.6905545094
 0.9104512674,0,0.6855392448
 0.9104512674,1,0.6855392448
 0.9159430496,0,0.680524165
 0.9159430496,1,0.680524165
 0.9214019042,0,0.6755092654
 0.9214019042,1,0.6755092654
 0.9268284179,0,0.6704945419
 0.9268284179,1,0.6704945419
 0.9322231597,0,0.6654799903
 0.9322231597,1,0.6654799903
 0.9375866823,0,0.6604656066
 0.9375866823,1,0.6604656066
 0.9429195225,0,0.655451387
 0.9429195225,1,0.655451387
 0.948222202,0,0.6504373278
 0.948222202,1,0.6504373278
 0.9534952277,0,0.6454234254
 0.9534952277,1,0.6454234254
 0.9587390924,0,0.6404096763
 0.9587390924,1,0.6404096763
 0.9639542756,0,0.6353960773
 0.9639542756,1,0.6353960773
 0.9691412436,0,0.630382625
 0.9691412436,1,0.630382625
 0.9743004503,0,0.6253693162
 0.9743004503,1,0.6253693162
 0.9794323375,0,0.6203561481
 0.9794323375,1,0.6203561481
 0.9845373354,0,0.6153431176
 0.9845373354,1,0.6153431176
 0.989615863,0,0.6103302219
 0.989615863,1,0.6103302219
 0.9946683285,0,0.6053174582
 0.9946683285,1,0.6053174582
 0.9996951297,0,0.6003048238
 0.9996951297,1,0.6003048238
 1.004696655,0,0.5952923162
 1.004696655,1,0.5952923162
 1.009673281,0,0.5902799328
 1.009673281,1,0.5902799328
 1.014625378,0,0.5852676712
 1.014625378,1,0.5852676712
 1.019553305,0,0.5802555289
 1.019553305,1,0.5802555289
 1.024457414,0,0.5752435038
 1.024457414,1,0.5752435038
 1.029338046,0,0.5702315935
 1.029338046,1,0.5702315935
 1.034195537,0,0.5652197959
 1.034195537,1,0.5652197959
 1.039030212,0,0.5602081088
 1.039030212,1,0.5602081088
 1.043842392,0,0.5551965303
 1.043842392,1,0.5551965303
 1.048632387,0,0.5501850583
 1.048632387,1,0.5501850583
 1.053400502,0,0.5451736908
 1.053400502,1,0.5451736908
 1.058147035,0,0.540162426
 1.058147035,1,0.540162426
 1.062872276,0,0.5351512621
 1.062872276,1,0.5351512621
 1.06757651,0,0.5301401972
 1.06757651,1,0.5301401972
 1.072260016,0,0.5251292296
 1.072260016,1,0.5251292296
 1.076923064,0,0.5201183576
 1.076923064,1,0.5201183576
 1.081565921,0,0.5151075795
 1.081565921,1,0.5151075795
 1.086188848,0,0.5100968938
 1.086188848,1,0.5100968938
 1.090792099,0,0.5050862988
 1.090792099,1,0.5050862988
 1.095375924,0,0.5000757931
 1.095375924,1,0.5000757931
 1.099940566,0,0.4950653751
 1.099940566,1,0.4950653751
 1.104486267,0,0.4900550434
 1.104486267,1,0.4900550434
 1.109013258,0,0.4850447966
 1.109013258,1,0.4850447966
 1.113521771,0,0.4800346332
 1.113521771,1,0.4800346332
 1.118012029,0,0.475024552
 1.118012029,1,0.475024552
 1.122484252,0,0.4700145516
 1.122484252,1,0.4700145516
 1.126938658,0,0.4650046308
 1.126938658,1,0.4650046308
 1.131375457,0,0.4599947882
 1.131375457,1,0.4599947882
 1.135794856,0,0.4549850226
 1.135794856,1,0.4549850226
 1.140197059,0,0.4499753329
 1.140197059,1,0.4499753329
 1.144582266,0,0.4449657179
 1.144582266,1,0.4449657179
 1.148950672,0,0.4399561764
 1.148950672,1,0.4399561764
 1.153302469,0,0.4349467074
 1.153302469,1,0.4349467074
 1.157637845,0,0.4299373096
 1.157637845,1,0.4299373096
 1.161956985,0,0.4249279821
 1.161956985,1,0.4249279821
 1.166260071,0,0.4199187239
 1.166260071,1,0.4199187239
 1.170547279,0,0.4149095338
 1.170547279,1,0.4149095338
 1.174818785,0,0.4099004109
 1.174818785,1,0.4099004109
 1.179074761,0,0.4048913542
 1.179074761,1,0.4048913542
 1.183315374,0,0.3998823628
 1.183315374,1,0.3998823628
 1.18754079,0,0.3948734358
 1.18754079,1,0.3948734358
 1.191751172,0,0.3898645721
 1.191751172,1,0.3898645721
 1.195946679,0,0.384855771
 1.195946679,1,0.384855771
 1.200127467,0,0.3798470315
 1.200127467,1,0.3798470315
 1.204293691,0,0.3748383528
 1.204293691,1,0.3748383528
 1.208445502,0,0.369829734
 1.208445502,1,0.369829734
 1.212583049,0,0.3648211743
 1.212583049,1,0.3648211743
 1.216706478,0,0.359812673
 1.216706478,1,0.359812673
 1.220815933,0,0.3548042292
 1.220815933,1,0.3548042292
 1.224911554,0,0.3497958421
 1.224911554,1,0.3497958421
 1.228993482,0,0.3447875111
 1.228993482,1,0.3447875111
 1.233061851,0,0.3397792353
 1.233061851,1,0.3397792353
 1.237116798,0,0.334771014
 1.237116798,1,0.334771014
 1.241158454,0,0.3297628465
 1.241158454,1,0.3297628465
 1.245186948,0,0.3247547321
 1.245186948,1,0.3247547321
 1.249202409,0,0.3197466701
 1.249202409,1,0.3197466701
 1.253204963,0,0.3147386599
 1.253204963,1,0.3147386599
 1.257194734,0,0.3097307008
 1.257194734,1,0.3097307008
 1.261171842,0,0.3047227921
 1.261171842,1,0.3047227921
 1.265136409,0,0.2997149332
 1.265136409,1,0.2997149332
 1.269088552,0,0.2947071235
 1.269088552,1,0.2947071235
 1.273028387,0,0.2896993623
 1.273028387,1,0.2896993623
 1.27695603,0,0.2846916491
 1.27695603,1,0.2846916491
 1.280871591,0,0.2796839833
 1.280871591,1,0.2796839833
 1.284775183,0,0.2746763643
 1.284775183,1,0.2746763643
 1.288666915,0,0.2696687915
 1.288666915,1,0.2696687915
 1.292546893,0,0.2646612644
 1.292546893,1,0.2646612644
 1.296415225,0,0.2596537824
 1.296415225,1,0.2596537824
 1.300272014,0,0.254646345
 1.300272014,1,0.254646345
 1.304117363,0,0.2496389516
 1.304117363,1,0.2496389516
 1.307951374,0,0.2446316018
 1.307951374,1,0.2446316018
 1.311774146,0,0.239624295
 1.311774146,1,0.239624295
 1.315585778,0,0.2346170308
 1.315585778,1,0.2346170308
 1.319386366,0,0.2296098085
 1.319386366,1,0.2296098085
 1.323176007,0,0.2246026278
 1.323176007,1,0.2246026278
 1.326954793,0,0.2195954882
 1.326954793,1,0.2195954882
 1.330722819,0,0.2145883892
 1.330722819,1,0.2145883892
 1.334480176,0,0.2095813303
 1.334480176,1,0.2095813303
 1.338226953,0,0.2045743112
 1.338226953,1,0.2045743112
 1.34196324,0,0.1995673313
 1.34196324,1,0.1995673313
 1.345689124,0,0.1945603902
 1.345689124,1,0.1945603902
 1.349404693,0,0.1895534874
 1.349404693,1,0.1895534874
 1.353110031,0,0.1845466227
 1.353110031,1,0.1845466227
 1.356805222,0,0.1795397954
 1.356805222,1,0.1795397954
 1.360490349,0,0.1745330054
 1.360490349,1,0.1745330054
 1.364165494,0,0.169526252
 1.364165494,1,0.169526252
 1.367830739,0,0.164519535
 1.367830739,1,0.164519535
 1.371486162,0,0.1595128539
 1.371486162,1,0.1595128539
 1.375131842,0,0.1545062085
 1.375131842,1,0.1545062085
 1.378767857,0,0.1494995982
 1.378767857,1,0.1494995982
 1.382394283,0,0.1444930227
 1.382394283,1,0.1444930227
 1.386011196,0,0.1394864816
 1.386011196,1,0.1394864816
 1.389618671,0,0.1344799747
 1.389618671,1,0.1344799747
 1.39321678,0,0.1294735015
 1.39321678,1,0.1294735015
 1.396805597,0,0.1244670617
 1.396805597,1,0.1244670617
 1.400385193,0,0.119460655
 1.400385193,1,0.119460655
 1.40395564,0,0.1144542809
 1.40395564,1,0.1144542809
 1.407517006,0,0.1094479392
 1.407517006,1,0.1094479392
 1.411069361,0,0.1044416296
 1.411069361,1,0.1044416296
 1.414612773,0,0.09943535175
 1.414612773,1,0.09943535175
 1.418147309,0,0.09442910527
 1.418147309,1,0.09442910527
 1.421673036,0,0.0894228899
 1.421673036,1,0.0894228899
 1.425190019,0,0.08441670531
 1.425190019,1,0.08441670531
 1.428698323,0,0.07941055122
 1.428698323,1,0.07941055122
 1.432198012,0,0.0744044273
 1.432198012,1,0.0744044273
 1.435689149,0,0.06939833328
 1.435689149,1,0.06939833328
 1.439171797,0,0.06439226886
 1.439171797,1,0.06439226886
 1.442646018,0,0.05938623376
 1.442646018,1,0.05938623376
 1.446111871,0,0.05438022769
 1.446111871,1,0.05438022769
 1.449569419,0,0.04937425037
 1.449569419,1,0.04937425037
 1.453018719,0,0.04436830154
 1.453018719,1,0.04436830154
 1.456459831,0,0.03936238091
 1.456459831,1,0.03936238091
 1.459892812,0,0.03435648823
 1.459892812,1,0.03435648823
 1.463317721,0,0.02935062323
 1.463317721,1,0.02935062323
 1.466734614,0,0.02434478565
 1.466734614,1,0.02434478565
 1.470143547,0,0.01933897524
 1.470143547,1,0.01933897524
 1.473544576,0,0.01433319174
 1.473544576,1,0.01433319174
 1.476937754,0,0.009327434911
 1.476937754,1,0.009327434911
 1.480323137,0,0.004321704502
 1.480323137,1,0.004321704502
 1.483700778,0,1.999316
 1.483700778,1,1.999316
 1.48707073,0,1.994310322
 1.48707073,1,1.994310322
 1.490433045,0,1.989304669
 1.490433045,1,1.989304669
 1.493787775,0,1.984299042
 1.493787775,1,1.984299042
 1.49713497,0,1.97929344
 1.49713497,1,1.97929344
 1.500474682,0,1.974287864
 1.500474682,1,1.974287864
 1.503806961,0,1.969282312
 1.503806961,1,1.969282312
 1.507131856,0,1.964276784
 1.507131856,1,1.964276784
 1.510449416,0,1.959271281
 1.510449416,1,1.959271281
 1.513759689,0,1.954265802
 1.513759689,1,1.954265802
 1.517062723,0,1.949260347
 1.517062723,1,1.949260347
 1.520358566,0,1.944254916
 1.520358566,1,1.944254916
 1.523647264,0,1.939249508
 1.523647264,1,1.939249508
 1.526928863,0,1.934244124
 1.526928863,1,1.934244124
 1.53020341,0,1.929238762
 1.53020341,1,1.929238762
 1.533470949,0,1.924233424
 1.533470949,1,1.924233424
 1.536731526,0,1.919228108
 1.536731526,1,1.919228108
 1.539985185,0,1.914222815
 1.539985185,1,1.914222815
 1.54323197,0,1.909217544
 1.54323197,1,1.909217544
 1.546471923,0,1.904212296
 1.546471923,1,1.904212296
 1.549705089,0,1.899207069
 1.549705089,1,1.899207069
 1.552931509,0,1.894201864
 1.552931509,1,1.894201864
 1.556151226,0,1.889196681
 1.556151226,1,1.889196681
 1.559364282,0,1.884191519
 1.559364282,1,1.884191519
 1.562570716,0,1.879186378
 1.562570716,1,1.879186378
 1.565770572,0,1.874181259
 1.565770572,1,1.874181259
 1.568963887,0,1.86917616
 1.568963887,1,1.86917616
 1.572150704,0,1.864171082
 1.572150704,1,1.864171082
 1.575331061,0,1.859166025
 1.575331061,1,1.859166025
 1.578504997,0,1.854160988
 1.578504997,1,1.854160988
 1.581672551,0,1.849155971
 1.581672551,1,1.849155971
 1.584833761,0,1.844150975
 1.584833761,1,1.844150975
 1.587988666,0,1.839145998
 1.587988666,1,1.839145998
 1.591137303,0,1.834141041
 1.591137303,1,1.834141041
 1.59427971,0,1.829136103
 1.59427971,1,1.829136103
 1.597415922,0,1.824131186
 1.597415922,1,1.824131186
 1.600545978,0,1.819126287
 1.600545978,1,1.819126287
 1.603669912,0,1.814121407
 1.603669912,1,1.814121407
 1.60678776,0,1.809116547
 1.60678776,1,1.809116547
 1.609899559,0,1.804111705
 1.609899559,1,1.804111705
 1.613005343,0,1.799106882
 1.613005343,1,1.799106882
 1.616105146,0,1.794102078
 1.616105146,1,1.794102078
 1.619199004,0,1.789097292
 1.619199004,1,1.789097292
 1.622286951,0,1.784092524
 1.622286951,1,1.784092524
 1.62536902,0,1.779087775
 1.62536902,1,1.779087775
 1.628445244,0,1.774083043
 1.628445244,1,1.774083043
 1.631515658,0,1.769078329
 1.631515658,1,1.769078329
 1.634580293,0,1.764073633
 1.634580293,1,1.764073633
 1.637639182,0,1.759068955
 1.637639182,1,1.759068955
 1.640692357,0,1.754064294
 1.640692357,1,1.754064294
 1.643739851,0,1.74905965
 1.643739851,1,1.74905965
 1.646781695,0,1.744055024
 1.646781695,1,1.744055024
 1.64981792,0,1.739050415
 1.64981792,1,1.739050415
 1.652848558,0,1.734045822
 1.652848558,1,1.734045822
 1.655873638,0,1.729041247
 1.655873638,1,1.729041247
 1.658893192,0,1.724036688
 1.658893192,1,1.724036688
 1.66190725,0,1.719032146
 1.66190725,1,1.719032146
 1.664915842,0,1.71402762
 1.664915842,1,1.71402762
 1.667918997,0,1.70902311
 1.667918997,1,1.70902311
 1.670916744,0,1.704018617
 1.670916744,1,1.704018617
 1.673909113,0,1.69901414
 1.673909113,1,1.69901414
 1.676896133,0,1.694009679
 1.676896133,1,1.694009679
 1.679877833,0,1.689005234
 1.679877833,1,1.689005234
 1.68285424,0,1.684000804
 1.68285424,1,1.684000804
 1.685825382,0,1.67899639
 1.685825382,1,1.67899639
 1.688791288,0,1.673991992
 1.688791288,1,1.673991992
 1.691751986,0,1.668987609
 1.691751986,1,1.668987609
 1.694707502,0,1.663983242
 1.694707502,1,1.663983242
 1.697657864,0,1.658978889
 1.697657864,1,1.658978889
 1.700603098,0,1.653974552
 1.700603098,1,1.653974552
 1.703543231,0,1.64897023
 1.703543231,1,1.64897023
 1.70647829,0,1.643965923
 1.70647829,1,1.643965923
 1.709408301,0,1.63896163
 1.709408301,1,1.63896163
 1.71233329,0,1.633957352
 1.71233329,1,1.633957352
 1.715253282,0,1.628953089
 1.715253282,1,1.628953089
 1.718168303,0,1.62394884
 1.718168303,1,1.62394884
 1.721078379,0,1.618944606
 1.721078379,1,1.618944606
 1.723983535,0,1.613940386
 1.723983535,1,1.613940386
 1.726883794,0,1.60893618
 1.726883794,1,1.60893618
 1.729779183,0,1.603931989
 1.729779183,1,1.603931989
 1.732669725,0,1.598927811
 1.732669725,1,1.598927811
 1.735555446,0,1.593923648
 1.735555446,1,1.593923648
 1.738436368,0,1.588919498
 1.738436368,1,1.588919498
 1.741312516,0,1.583915362
 1.741312516,1,1.583915362
 1.744183913,0,1.578911239
 1.744183913,1,1.578911239
 1.747050583,0,1.57390713
 1.747050583,1,1.57390713
 1.749912549,0,1.568903035
 1.749912549,1,1.568903035
 1.752769835,0,1.563898953
 1.752769835,1,1.563898953
 1.755622463,0,1.558894884
 1.755622463,1,1.558894884
 1.758470456,0,1.553890828
 1.758470456,1,1.553890828
 1.761313836,0,1.548886786
 1.761313836,1,1.548886786
 1.764152626,0,1.543882757
 1.764152626,1,1.543882757
 1.766986848,0,1.53887874
 1.766986848,1,1.53887874
 1.769816523,0,1.533874737
 1.769816523,1,1.533874737
 1.772641675,0,1.528870746
 1.772641675,1,1.528870746
 1.775462324,0,1.523866768
 1.775462324,1,1.523866768
 1.778278492,0,1.518862803
 1.778278492,1,1.518862803
 1.7810902,0,1.51385885
 1.7810902,1,1.51385885
 1.783897469,0,1.508854909
 1.783897469,1,1.508854909
 1.786700321,0,1.503850981
 1.786700321,1,1.503850981
 1.789498776,0,1.498847066
 1.789498776,1,1.498847066
 1.792292854,0,1.493843162
 1.792292854,1,1.493843162
 1.795082577,0,1.488839271
 1.795082577,1,1.488839271
 1.797867964,0,1.483835392
 1.797867964,1,1.483835392
 1.800649036,0,1.478831525
 1.800649036,1,1.478831525
 1.803425813,0,1.473827669
 1.803425813,1,1.473827669
 1.806198314,0,1.468823826
 1.806198314,1,1.468823826
 1.808966559,0,1.463819994
 1.808966559,1,1.463819994
 1.811730568,0,1.458816174
 1.811730568,1,1.458816174
 1.81449036,0,1.453812366
 1.81449036,1,1.453812366
 1.817245955,0,1.44880857
 1.817245955,1,1.44880857
 1.819997371,0,1.443804784
 1.819997371,1,1.443804784
 1.822744628,0,1.438801011
 1.822744628,1,1.438801011
 1.825487744,0,1.433797248
 1.825487744,1,1.433797248
 1.828226738,0,1.428793497
 1.828226738,1,1.428793497
 1.830961628,0,1.423789758
 1.830961628,1,1.423789758
 1.833692434,0,1.418786029
 1.833692434,1,1.418786029
 1.836419173,0,1.413782311
 1.836419173,1,1.413782311
 1.839141862,0,1.408778605
 1.839141862,1,1.408778605
 1.841860522,0,1.403774909
 1.841860522,1,1.403774909
 1.844575168,0,1.398771225
 1.844575168,1,1.398771225
 1.847285819,0,1.393767551
 1.847285819,1,1.393767551
 1.849992493,0,1.388763888
 1.849992493,1,1.388763888
 1.852695207,0,1.383760235
 1.852695207,1,1.383760235
 1.855393978,0,1.378756594
 1.855393978,1,1.378756594
 1.858088823,0,1.373752963
 1.858088823,1,1.373752963
 1.86077976,0,1.368749342
 1.86077976,1,1.368749342
 1.863466806,0,1.363745732
 1.863466806,1,1.363745732
 1.866149977,0,1.358742132
 1.866149977,1,1.358742132
 1.86882929,0,1.353738543
 1.86882929,1,1.353738543
 1.871504761,0,1.348734964
 1.871504761,1,1.348734964
 1.874176408,0,1.343731395
 1.874176408,1,1.343731395
 1.876844247,0,1.338727836
 1.876844247,1,1.338727836
 1.879508293,0,1.333724288
 1.879508293,1,1.333724288
 1.882168564,0,1.328720749
 1.882168564,1,1.328720749
 1.884825074,0,1.323717221
 1.884825074,1,1.323717221
 1.88747784,0,1.318713702
 1.88747784,1,1.318713702
 1.890126878,0,1.313710193
 1.890126878,1,1.313710193
 1.892772203,0,1.308706695
 1.892772203,1,1.308706695
 1.895413831,0,1.303703205
 1.895413831,1,1.303703205
 1.898051777,0,1.298699726
 1.898051777,1,1.298699726
 1.900686057,0,1.293696256
 1.900686057,1,1.293696256
 1.903316686,0,1.288692796
 1.903316686,1,1.288692796
 1.905943679,0,1.283689346
 1.905943679,1,1.283689346
 1.908567052,0,1.278685905
 1.908567052,1,1.278685905
 1.911186818,0,1.273682473
 1.911186818,1,1.273682473
 1.913802994,0,1.268679051
 1.913802994,1,1.268679051
 1.916415593,0,1.263675638
 1.916415593,1,1.263675638
 1.91902463,0,1.258672235
 1.91902463,1,1.258672235
 1.92163012,0,1.25366884
 1.92163012,1,1.25366884
 1.924232078,0,1.248665455
 1.924232078,1,1.248665455
 1.926830517,0,1.243662079
 1.926830517,1,1.243662079
 1.929425452,0,1.238658712
 1.929425452,1,1.238658712
 1.932016897,0,1.233655355
 1.932016897,1,1.233655355
 1.934604866,0,1.228652006
 1.934604866,1,1.228652006
 1.937189373,0,1.223648666
 1.937189373,1,1.223648666
 1.939770432,0,1.218645335
 1.939770432,1,1.218645335
 1.942348057,0,1.213642013
 1.942348057,1,1.213642013
 1.944922261,0,1.2086387
 1.944922261,1,1.2086387
 1.947493058,0,1.203635395
 1.947493058,1,1.203635395
 1.950060461,0,1.198632099
 1.950060461,1,1.198632099
 1.952624484,0,1.193628812
 1.952624484,1,1.193628812
 1.95518514,0,1.188625534
 1.95518514,1,1.188625534
 1.957742443,0,1.183622264
 1.957742443,1,1.183622264
 1.960296405,0,1.178619003
 1.960296405,1,1.178619003
 1.96284704,0,1.17361575
 1.96284704,1,1.17361575
 1.96539436,0,1.168612505
 1.96539436,1,1.168612505
 1.967938378,0,1.163609269
 1.967938378,1,1.163609269
 1.970479108,0,1.158606042
 1.970479108,1,1.158606042
 1.973016562,0,1.153602822
 1.973016562,1,1.153602822
 1.975550753,0,1.148599611
 1.975550753,1,1.148599611
 1.978081693,0,1.143596408
 1.978081693,1,1.143596408
 1.980609394,0,1.138593214
 1.980609394,1,1.138593214
 1.98313387,0,1.133590027
 1.98313387,1,1.133590027
 1.985655132,0,1.128586849
 1.985655132,1,1.128586849
 1.988173192,0,1.123583679
 1.988173192,1,1.123583679
 1.990688064,0,1.118580516
 1.990688064,1,1.118580516
 1.993199758,0,1.113577362
 1.993199758,1,1.113577362
 1.995708288,0,1.108574216
 1.995708288,1,1.108574216
 1.998213664,0,1.103571077
 1.998213664,1,1.103571077
 2.000715899,0,1.098567947
 2.000715899,1,1.098567947
 2.003215004,0,1.093564824
 2.003215004,1,1.093564824
 2.005710992,0,1.088561709
 2.005710992,1,1.088561709
 2.008203873,0,1.083558602
 2.008203873,1,1.083558602
 2.01069366,0,1.078555502
 2.01069366,1,1.078555502
 2.013180364,0,1.07355241
 2.013180364,1,1.07355241
 2.015663997,0,1.068549326
 2.015663997,1,1.068549326
 2.018144569,0,1.063546249
 2.018144569,1,1.063546249
 2.020622092,0,1.05854318
 2.020622092,1,1.05854318
 2.023096578,0,1.053540119
 2.023096578,1,1.053540119
 2.025568037,0,1.048537065
 2.025568037,1,1.048537065
 2.02803648,0,1.043534018
 2.02803648,1,1.043534018
 2.030501919,0,1.038530979
 2.030501919,1,1.038530979
 2.032964364,0,1.033527947
 2.032964364,1,1.033527947
 2.035423827,0,1.028524923
 2.035423827,1,1.028524923
 2.037880318,0,1.023521905
 2.037880318,1,1.023521905
 2.040333847,0,1.018518896
 2.040333847,1,1.018518896
 2.042784427,0,1.013515893
 2.042784427,1,1.013515893
 2.045232066,0,1.008512897
 2.045232066,1,1.008512897
 2.047676777,0,1.003509909
 2.047676777,1,1.003509909
 2.050118568,0,0.9985069279
 2.050118568,1,0.9985069279
 2.052557452,0,0.9935039538
 2.052557452,1,0.9935039538
 2.054993437,0,0.9885009868
 2.054993437,1,0.9885009868
 2.057426535,0,0.9834980268
 2.057426535,1,0.9834980268
 2.059856755,0,0.9784950738
 2.059856755,1,0.9784950738
 2.062284109,0,0.9734921278
 2.062284109,1,0.9734921278
 2.064708605,0,0.9684891887
 2.064708605,1,0.9684891887
 2.067130254,0,0.9634862565
 2.067130254,1,0.9634862565
 2.069549066,0,0.9584833312
 2.069549066,1,0.9584833312
 2.071965051,0,0.9534804127
 2.071965051,1,0.9534804127
 2.07437822,0,0.948477501
 2.07437822,1,0.948477501
 2.07678858,0,0.9434745961
 2.07678858,1,0.9434745961
 2.079196144,0,0.9384716979
 2.079196144,1,0.9384716979
 2.081600919,0,0.9334688065
 2.081600919,1,0.9334688065
 2.084002917,0,0.9284659217
 2.084002917,1,0.9284659217
 2.086402146,0,0.9234630435
 2.086402146,1,0.9234630435
 2.088798615,0,0.918460172
 2.088798615,1,0.918460172
 2.091192336,0,0.913457307
 2.091192336,1,0.913457307
 2.093583316,0,0.9084544486
 2.093583316,1,0.9084544486
 2.095971566,0,0.9034515968
 2.095971566,1,0.9034515968
 2.098357095,0,0.8984487514
 2.098357095,1,0.8984487514
 2.100739911,0,0.8934459125
 2.100739911,1,0.8934459125
 2.103120025,0,0.88844308
 2.103120025,1,0.88844308
 2.105497445,0,0.883440254
 2.105497445,1,0.883440254
 2.107872181,0,0.8784374343
 2.107872181,1,0.8784374343
 2.110244241,0,0.8734346209
 2.110244241,1,0.8734346209
 2.112613635,0,0.8684318139
 2.112613635,1,0.8684318139
 2.114980372,0,0.8634290132
 2.114980372,1,0.8634290132
 2.11734446,0,0.8584262187
 2.11734446,1,0.8584262187
 2.119705909,0,0.8534234305
 2.119705909,1,0.8534234305
 2.122064726,0,0.8484206485
 2.122064726,1,0.8484206485
 2.124420922,0,0.8434178727
 2.124420922,1,0.8434178727
 2.126774505,0,0.838415103
 2.126774505,1,0.838415103
 2.129125483,0,0.8334123395
 2.129125483,1,0.8334123395
 2.131473865,0,0.828409582
 2.131473865,1,0.828409582
 2.133819659,0,0.8234068306
 2.133819659,1,0.8234068306
 2.136162875,0,0.8184040853
 2.136162875,1,0.8184040853
 2.138503521,0,0.813401346
 2.138503521,1,0.813401346
 2.140841604,0,0.8083986127
 2.140841604,1,0.8083986127
 2.143177134,0,0.8033958853
 2.143177134,1,0.8033958853
 2.145510119,0,0.7983931639
 2.145510119,1,0.7983931639
 2.147840567,0,0.7933904484
 2.147840567,1,0.7933904484
 2.150168487,0,0.7883877388
 2.150168487,1,0.7883877388
 2.152493886,0,0.7833850351
 2.152493886,1,0.7833850351
 2.154816773,0,0.7783823372
 2.154816773,1,0.7783823372
 2.157137156,0,0.7733796451
 2.157137156,1,0.7733796451
 2.159455043,0,0.7683769588
 2.159455043,1,0.7683769588
 2.161770442,0,0.7633742782
 2.161770442,1,0.7633742782
 2.164083361,0,0.7583716035
 2.164083361,1,0.7583716035
 2.166393808,0,0.7533689344
 2.166393808,1,0.7533689344
 2.168701791,0,0.748366271
 2.168701791,1,0.748366271
 2.171007318,0,0.7433636132
 2.171007318,1,0.7433636132
 2.173310396,0,0.7383609612
 2.173310396,1,0.7383609612
 2.175611034,0,0.7333583147
 2.175611034,1,0.7333583147
 2.177909239,0,0.7283556738
 2.177909239,1,0.7283556738
 2.180205019,0,0.7233530385
 2.180205019,1,0.7233530385
 2.182498381,0,0.7183504088
 2.182498381,1,0.7183504088
 2.184789333,0,0.7133477845
 2.184789333,1,0.7133477845
 2.187077883,0,0.7083451658
 2.187077883,1,0.7083451658
 2.189364039,0,0.7033425525
 2.189364039,1,0.7033425525
 2.191647807,0,0.6983399448
 2.191647807,1,0.6983399448
 2.193929196,0,0.6933373424
 2.193929196,1,0.6933373424
 2.196208212,0,0.6883347454
 2.196208212,1,0.6883347454
 2.198484863,0,0.6833321539
 2.198484863,1,0.6833321539
 2.200759156,0,0.6783295677
 2.200759156,1,0.6783295677
 2.2030311,0,0.6733269868
 2.2030311,1,0.6733269868
 2.2053007,0,0.6683244112
 2.2053007,1,0.6683244112
 2.207567965,0,0.663321841
 2.207567965,1,0.663321841
 2.2098329,0,0.658319276
 2.2098329,1,0.658319276
 2.212095515,0,0.6533167163
 2.212095515,1,0.6533167163
 2.214355815,0,0.6483141618
 2.214355815,1,0.6483141618
 2.216613808,0,0.6433116126
 2.216613808,1,0.6433116126
 2.218869501,0,0.6383090685
 2.218869501,1,0.6383090685
 2.221122901,0,0.6333065296
 2.221122901,1,0.6333065296
 2.223374014,0,0.6283039958
 2.223374014,1,0.6283039958
 2.225622849,0,0.6233014672
 2.225622849,1,0.6233014672
 2.227869411,0,0.6182989437
 2.227869411,1,0.6182989437
 2.230113708,0,0.6132964253
 2.230113708,1,0.6132964253
 2.232355746,0,0.6082939119
 2.232355746,1,0.6082939119
 2.234595532,0,0.6032914036
 2.234595532,1,0.6032914036
 2.236833074,0,0.5982889003
 2.236833074,1,0.5982889003
 2.239068377,0,0.593286402
 2.239068377,1,0.593286402
 2.241301448,0,0.5882839087
 2.241301448,1,0.5882839087
 2.243532295,0,0.5832814203
 2.243532295,1,0.5832814203
 2.245760924,0,0.5782789369
 2.245760924,1,0.5782789369
 2.24798734,0,0.5732764585
 2.24798734,1,0.5732764585
 2.250211552,0,0.5682739849
 2.250211552,1,0.5682739849
 2.252433566,0,0.5632715163
 2.252433566,1,0.5632715163
 2.254653387,0,0.5582690524
 2.254653387,1,0.5582690524
 2.256871023,0,0.5532665935
 2.256871023,1,0.5532665935
 2.259086479,0,0.5482641394
 2.259086479,1,0.5482641394
 2.261299763,0,0.5432616901
 2.261299763,1,0.5432616901
 2.263510881,0,0.5382592455
 2.263510881,1,0.5382592455
 2.265719839,0,0.5332568058
 2.265719839,1,0.5332568058
 2.267926643,0,0.5282543708
 2.267926643,1,0.5282543708
 2.2701313,0,0.5232519405
 2.2701313,1,0.5232519405
 2.272333816,0,0.518249515
 2.272333816,1,0.518249515
 2.274534197,0,0.5132470942
 2.274534197,1,0.5132470942
 2.276732449,0,0.508244678
 2.276732449,1,0.508244678
 2.278928579,0,0.5032422665
 2.278928579,1,0.5032422665
 2.281122592,0,0.4982398597
 2.281122592,1,0.4982398597
 2.283314495,0,0.4932374574
 2.283314495,1,0.4932374574
 2.285504295,0,0.4882350598
 2.285504295,1,0.4882350598
 2.287691996,0,0.4832326668
 2.287691996,1,0.4832326668
 2.289877604,0,0.4782302784
 2.289877604,1,0.4782302784
 2.292061127,0,0.4732278945
 2.292061127,1,0.4732278945
 2.29424257,0,0.4682255151
 2.29424257,1,0.4682255151
 2.296421938,0,0.4632231403
 2.296421938,1,0.4632231403
 2.298599239,0,0.45822077
 2.298599239,1,0.45822077
 2.300774476,0,0.4532184042
 2.300774476,1,0.4532184042
 2.302947658,0,0.4482160428
 2.302947658,1,0.4482160428
 2.305118788,0,0.4432136859
 2.305118788,1,0.4432136859
 2.307287874,0,0.4382113334
 2.307287874,1,0.4382113334
 2.30945492,0,0.4332089854
 2.30945492,1,0.4332089854
 2.311619933,0,0.4282066418
 2.311619933,1,0.4282066418
 2.313782919,0,0.4232043025
 2.313782919,1,0.4232043025
 2.315943882,0,0.4182019676
 2.315943882,1,0.4182019676
 2.318102829,0,0.4131996371
 2.318102829,1,0.4131996371
 2.320259765,0,0.4081973109
 2.320259765,1,0.4081973109
 2.322414696,0,0.403194989
 2.322414696,1,0.403194989
 2.324567628,0,0.3981926715
 2.324567628,1,0.3981926715
 2.326718566,0,0.3931903582
 2.326718566,1,0.3931903582
 2.328867515,0,0.3881880492
 2.328867515,1,0.3881880492
 2.331014481,0,0.3831857445
 2.331014481,1,0.3831857445
 2.33315947,0,0.378183444
 2.33315947,1,0.378183444
 2.335302487,0,0.3731811478
 2.335302487,1,0.3731811478
 2.337443537,0,0.3681788557
 2.337443537,1,0.3681788557
 2.339582626,0,0.3631765679
 2.339582626,1,0.3631765679
 2.341719759,0,0.3581742842
 2.341719759,1,0.3581742842
 2.343854942,0,0.3531720047
 2.343854942,1,0.3531720047
 2.34598818,0,0.3481697293
 2.34598818,1,0.3481697293
 2.348119478,0,0.3431674581
 2.348119478,1,0.3431674581
 2.350248842,0,0.338165191
 2.350248842,1,0.338165191
 2.352376276,0,0.333162928
 2.352376276,1,0.333162928
 2.354501786,0,0.3281606691
 2.354501786,1,0.3281606691
 2.356625378,0,0.3231584143
 2.356625378,1,0.3231584143
 2.358747056,0,0.3181561636
 2.358747056,1,0.3181561636
 2.360866825,0,0.3131539168
 2.360866825,1,0.3131539168
 2.362984691,0,0.3081516742
 2.362984691,1,0.3081516742
 2.365100659,0,0.3031494355
 2.365100659,1,0.3031494355
 2.367214734,0,0.2981472008
 2.367214734,1,0.2981472008
 2.369326921,0,0.2931449702
 2.369326921,1,0.2931449702
 2.371437225,0,0.2881427435
 2.371437225,1,0.2881427435
 2.373545651,0,0.2831405208
 2.373545651,1,0.2831405208
 2.375652204,0,0.278138302
 2.375652204,1,0.278138302
 2.37775689,0,0.2731360871
 2.37775689,1,0.2731360871
 2.379859712,0,0.2681338762
 2.379859712,1,0.2681338762
 2.381960676,0,0.2631316692
 2.381960676,1,0.2631316692
 2.384059787,0,0.258129466
 2.384059787,1,0.258129466
 2.38615705,0,0.2531272668
 2.38615705,1,0.2531272668
 2.388252469,0,0.2481250714
 2.388252469,1,0.2481250714
 2.39034605,0,0.2431228798
 2.39034605,1,0.2431228798
 2.392437798,0,0.2381206921
 2.392437798,1,0.2381206921
 2.394527716,0,0.2331185083
 2.394527716,1,0.2331185083
 2.396615811,0,0.2281163282
 2.396615811,1,0.2281163282
 2.398702086,0,0.2231141519
 2.398702086,1,0.2231141519
 2.400786546,0,0.2181119794
 2.400786546,1,0.2181119794
 2.402869197,0,0.2131098107
 2.402869197,1,0.2131098107
 2.404950043,0,0.2081076458
 2.404950043,1,0.2081076458
 2.407029088,0,0.2031054845
 2.407029088,1,0.2031054845
 2.409106338,0,0.1981033271
 2.409106338,1,0.1981033271
 2.411181796,0,0.1931011733
 2.411181796,1,0.1931011733
 2.413255468,0,0.1880990232
 2.413255468,1,0.1880990232
 2.415327358,0,0.1830968769
 2.415327358,1,0.1830968769
 2.417397471,0,0.1780947342
 2.417397471,1,0.1780947342
 2.419465811,0,0.1730925952
 2.419465811,1,0.1730925952
 2.421532383,0,0.1680904598
 2.421532383,1,0.1680904598
 2.423597191,0,0.1630883281
 2.423597191,1,0.1630883281
 2.42566024,0,0.1580862
 2.42566024,1,0.1580862
 2.427721534,0,0.1530840755
 2.427721534,1,0.1530840755
 2.429781079,0,0.1480819547
 2.429781079,1,0.1480819547
 2.431838877,0,0.1430798374
 2.431838877,1,0.1430798374
 2.433894935,0,0.1380777237
 2.433894935,1,0.1380777237
 2.435949255,0,0.1330756136
 2.435949255,1,0.1330756136
 2.438001843,0,0.1280735071
 2.438001843,1,0.1280735071
 2.440052703,0,0.123071404
 2.440052703,1,0.123071404
 2.442101839,0,0.1180693046
 2.442101839,1,0.1180693046
 2.444149255,0,0.1130672086
 2.444149255,1,0.1130672086
 2.446194957,0,0.1080651162
 2.446194957,1,0.1080651162
 2.448238948,0,0.1030630272
 2.448238948,1,0.1030630272
 2.450281232,0,0.09806094175
 2.450281232,1,0.09806094175
 2.452321814,0,0.09305885976
 2.452321814,1,0.09305885976
 2.454360698,0,0.08805678124
 2.454360698,1,0.08805678124
 2.456397889,0,0.08305470616
 2.456397889,1,0.08305470616
 2.45843339,0,0.07805263453
 2.45843339,1,0.07805263453
 2.460467205,0,0.07305056633
 2.460467205,1,0.07305056633
 2.462499339,0,0.06804850154
 2.462499339,1,0.06804850154
 2.464529797,0,0.06304644017
 2.464529797,1,0.06304644017
 2.466558581,0,0.05804438218
 2.466558581,1,0.05804438218
 2.468585697,0,0.05304232758
 2.468585697,1,0.05304232758
 2.470611149,0,0.04804027636
 2.470611149,1,0.04804027636
 2.472634939,0,0.04303822849
 2.472634939,1,0.04303822849
 2.474657074,0,0.03803618398
 2.474657074,1,0.03803618398
 2.476677556,0,0.03303414281
 2.476677556,1,0.03303414281
 2.478696389,0,0.02803210496
 2.478696389,1,0.02803210496
 2.480713579,0,0.02303007043
 2.480713579,1,0.02303007043
 2.482729128,0,0.01802803922
 2.482729128,1,0.01802803922
 2.484743041,0,0.01302601129
 2.484743041,1,0.01302601129
 2.486755321,0,0.008023986656
 2.486755321,1,0.008023986656
 2.488765973,0,0.003021965295
 2.488765973,1,0.003021965295
 2.490775001,0,1.998019947
 2.490775001,1,1.998019947
 2.492782408,0,1.993017932
 2.492782408,1,1.993017932
 2.494788199,0,1.988015921
 2.494788199,1,1.988015921
 2.496792377,0,1.983013912
 2.496792377,1,1.983013912
 2.498794947,0,1.978011907
 2.498794947,1,1.978011907
 2.500795911,0,1.973009905
 2.500795911,1,1.973009905
 2.502795275,0,1.968007907
 2.502795275,1,1.968007907
 2.504793041,0,1.963005911
 2.504793041,1,1.963005911
 2.506789214,0,1.958003919
 2.506789214,1,1.958003919
 2.508783797,0,1.95300193
 2.508783797,1,1.95300193
 2.510776795,0,1.947999944
 2.510776795,1,1.947999944
 2.51276821,0,1.942997961
 2.51276821,1,1.942997961
 2.514758048,0,1.937995981
 2.514758048,1,1.937995981
 2.51674631,0,1.932994004
 2.51674631,1,1.932994004
 2.518733003,0,1.927992031
 2.518733003,1,1.927992031
 2.520718128,0,1.92299006
 2.520718128,1,1.92299006
 2.522701689,0,1.917988093
 2.522701689,1,1.917988093
 2.524683691,0,1.912986129
 2.524683691,1,1.912986129
 2.526664138,0,1.907984168
 2.526664138,1,1.907984168
 2.528643031,0,1.90298221
 2.528643031,1,1.90298221
 2.530620377,0,1.897980255
 2.530620377,1,1.897980255
 2.532596177,0,1.892978303
 2.532596177,1,1.892978303
 2.534570435,0,1.887976354
 2.534570435,1,1.887976354
 2.536543156,0,1.882974408
 2.536543156,1,1.882974408
 2.538514343,0,1.877972466
 2.538514343,1,1.877972466
 2.540483999,0,1.872970526
 2.540483999,1,1.872970526
 2.542452128,0,1.867968589
 2.542452128,1,1.867968589
 2.544418733,0,1.862966655
 2.544418733,1,1.862966655
 2.546383818,0,1.857964725
 2.546383818,1,1.857964725
 2.548347387,0,1.852962797
 2.548347387,1,1.852962797
 2.550309443,0,1.847960872
 2.550309443,1,1.847960872
 2.55226999,0,1.84295895
 2.55226999,1,1.84295895
 2.55422903,0,1.837957031
 2.55422903,1,1.837957031
 2.556186568,0,1.832955115
 2.556186568,1,1.832955115
 2.558142607,0,1.827953202
 2.558142607,1,1.827953202
 2.56009715,0,1.822951292
 2.56009715,1,1.822951292
 2.562050201,0,1.817949385
 2.562050201,1,1.817949385
 2.564001763,0,1.812947481
 2.564001763,1,1.812947481
 2.565951839,0,1.807945579
 2.565951839,1,1.807945579
 2.567900434,0,1.802943681
 2.567900434,1,1.802943681
 2.56984755,0,1.797941785
 2.56984755,1,1.797941785
 2.571793191,0,1.792939892
 2.571793191,1,1.792939892
 2.573737359,0,1.787938002
 2.573737359,1,1.787938002
 2.57568006,0,1.782936115
 2.57568006,1,1.782936115
 2.577621294,0,1.777934231
 2.577621294,1,1.777934231
 2.579561067,0,1.77293235
 2.579561067,1,1.77293235
 2.581499382,0,1.767930471
 2.581499382,1,1.767930471
 2.583436241,0,1.762928595
 2.583436241,1,1.762928595
 2.585371647,0,1.757926723
 2.585371647,1,1.757926723
 2.587305605,0,1.752924852
 2.587305605,1,1.752924852
 2.589238118,0,1.747922985
 2.589238118,1,1.747922985
 2.591169188,0,1.742921121
 2.591169188,1,1.742921121
 2.593098818,0,1.737919259
 2.593098818,1,1.737919259
 2.595027013,0,1.7329174
 2.595027013,1,1.7329174
 2.596953776,0,1.727915544
 2.596953776,1,1.727915544
 2.598879108,0,1.72291369
 2.598879108,1,1.72291369
 2.600803015,0,1.71791184
 2.600803015,1,1.71791184
 2.602725498,0,1.712909992
 2.602725498,1,1.712909992
 2.604646561,0,1.707908146
 2.604646561,1,1.707908146
 2.606566207,0,1.702906304
 2.606566207,1,1.702906304
 2.60848444,0,1.697904464
 2.60848444,1,1.697904464
 2.610401262,0,1.692902627
 2.610401262,1,1.692902627
 2.612316676,0,1.687900793
 2.612316676,1,1.687900793
 2.614230686,0,1.682898961
 2.614230686,1,1.682898961
 2.616143294,0,1.677897132
 2.616143294,1,1.677897132
 2.618054505,0,1.672895305
 2.618054505,1,1.672895305
 2.61996432,0,1.667893482
 2.61996432,1,1.667893482
 2.621872743,0,1.662891661
 2.621872743,1,1.662891661
 2.623779776,0,1.657889842
 2.623779776,1,1.657889842
 2.625685424,0,1.652888027
 2.625685424,1,1.652888027
 2.627589689,0,1.647886213
 2.627589689,1,1.647886213
 2.629492573,0,1.642884403
 2.629492573,1,1.642884403
 2.631394081,0,1.637882595
 2.631394081,1,1.637882595
 2.633294215,0,1.63288079
 2.633294215,1,1.63288079
 2.635192977,0,1.627878987
 2.635192977,1,1.627878987
 2.637090371,0,1.622877187
 2.637090371,1,1.622877187
 2.6389864,0,1.61787539
 2.6389864,1,1.61787539
 2.640881067,0,1.612873595
 2.640881067,1,1.612873595
 2.642774375,0,1.607871802
 2.642774375,1,1.607871802
 2.644666326,0,1.602870013
 2.644666326,1,1.602870013
 2.646556923,0,1.597868226
 2.646556923,1,1.597868226
 2.648446171,0,1.592866441
 2.648446171,1,1.592866441
 2.65033407,0,1.587864659
 2.65033407,1,1.587864659
 2.652220625,0,1.582862879
 2.652220625,1,1.582862879
 2.654105837,0,1.577861102
 2.654105837,1,1.577861102
 2.655989711,0,1.572859328
 2.655989711,1,1.572859328
 2.657872248,0,1.567857556
 2.657872248,1,1.567857556
 2.659753452,0,1.562855786
 2.659753452,1,1.562855786
 2.661633326,0,1.557854019
 2.661633326,1,1.557854019
 2.663511872,0,1.552852255
 2.663511872,1,1.552852255
 2.665389092,0,1.547850493
 2.665389092,1,1.547850493
 2.667264991,0,1.542848733
 2.667264991,1,1.542848733
 2.669139571,0,1.537846976
 2.669139571,1,1.537846976
 2.671012833,0,1.532845222
 2.671012833,1,1.532845222
 2.672884782,0,1.52784347
 2.672884782,1,1.52784347
 2.674755421,0,1.52284172
 2.674755421,1,1.52284172
 2.67662475,0,1.517839973
 2.67662475,1,1.517839973
 2.678492775,0,1.512838228
 2.678492775,1,1.512838228
 2.680359496,0,1.507836486
 2.680359496,1,1.507836486
 2.682224917,0,1.502834746
 2.682224917,1,1.502834746
 2.684089042,0,1.497833008
 2.684089042,1,1.497833008
 2.685951871,0,1.492831273
 2.685951871,1,1.492831273
 2.687813408,0,1.487829541
 2.687813408,1,1.487829541
 2.689673657,0,1.482827811
 2.689673657,1,1.482827811
 2.691532618,0,1.477826083
 2.691532618,1,1.477826083
 2.693390296,0,1.472824357
 2.693390296,1,1.472824357
 2.695246692,0,1.467822634
 2.695246692,1,1.467822634
 2.69710181,0,1.462820913
 2.69710181,1,1.462820913
 2.698955652,0,1.457819195
 2.698955652,1,1.457819195
 2.70080822,0,1.452817479
 2.70080822,1,1.452817479
 2.702659518,0,1.447815765
 2.702659518,1,1.447815765
 2.704509547,0,1.442814054
 2.704509547,1,1.442814054
 2.706358311,0,1.437812345
 2.706358311,1,1.437812345
 2.708205813,0,1.432810638
 2.708205813,1,1.432810638
 2.710052053,0,1.427808934
 2.710052053,1,1.427808934
 2.711897036,0,1.422807232
 2.711897036,1,1.422807232
 2.713740764,0,1.417805532
 2.713740764,1,1.417805532
 2.715583239,0,1.412803835
 2.715583239,1,1.412803835
 2.717424464,0,1.40780214
 2.717424464,1,1.40780214
 2.719264442,0,1.402800447
 2.719264442,1,1.402800447
 2.721103175,0,1.397798757
 2.721103175,1,1.397798757
 2.722940665,0,1.392797069
 2.722940665,1,1.392797069
 2.724776915,0,1.387795383
 2.724776915,1,1.387795383
 2.726611927,0,1.382793699
 2.726611927,1,1.382793699
 2.728445705,0,1.377792018
 2.728445705,1,1.377792018
 2.73027825,0,1.372790339
 2.73027825,1,1.372790339
 2.732109565,0,1.367788662
 2.732109565,1,1.367788662
 2.733939653,0,1.362786987
 2.733939653,1,1.362786987
 2.735768516,0,1.357785315
 2.735768516,1,1.357785315
 2.737596156,0,1.352783645
 2.737596156,1,1.352783645
 2.739422575,0,1.347781977
 2.739422575,1,1.347781977
 2.741247778,0,1.342780311
 2.741247778,1,1.342780311
 2.743071764,0,1.337778648
 2.743071764,1,1.337778648
 2.744894538,0,1.332776986
 2.744894538,1,1.332776986
 2.746716102,0,1.327775327
 2.746716102,1,1.327775327
 2.748536458,0,1.32277367
 2.748536458,1,1.32277367
 2.750355608,0,1.317772016
 2.750355608,1,1.317772016
 2.752173554,0,1.312770363
 2.752173554,1,1.312770363
 2.7539903,0,1.307768713
 2.7539903,1,1.307768713
 2.755805848,0,1.302767065
 2.755805848,1,1.302767065
 2.757620199,0,1.297765419
 2.757620199,1,1.297765419
 2.759433357,0,1.292763775
 2.759433357,1,1.292763775
 2.761245323,0,1.287762134
 2.761245323,1,1.287762134
 2.7630561,0,1.282760494
 2.7630561,1,1.282760494
 2.76486569,0,1.277758857
 2.76486569,1,1.277758857
 2.766674097,0,1.272757222
 2.766674097,1,1.272757222
 2.768481321,0,1.267755589
 2.768481321,1,1.267755589
 2.770287365,0,1.262753958
 2.770287365,1,1.262753958
 2.772092232,0,1.257752329
 2.772092232,1,1.257752329
 2.773895924,0,1.252750702
 2.773895924,1,1.252750702
 2.775698443,0,1.247749078
 2.775698443,1,1.247749078
 2.777499791,0,1.242747455
 2.777499791,1,1.242747455
 2.779299971,0,1.237745835
 2.779299971,1,1.237745835
 2.781098985,0,1.232744217
 2.781098985,1,1.232744217
 2.782896836,0,1.227742601
 2.782896836,1,1.227742601
 2.784693525,0,1.222740987
 2.784693525,1,1.222740987
 2.786489054,0,1.217739375
 2.786489054,1,1.217739375
 2.788283427,0,1.212737765
 2.788283427,1,1.212737765
 2.790076645,0,1.207736157
 2.790076645,1,1.207736157
 2.791868711,0,1.202734551
 2.791868711,1,1.202734551
 2.793659626,0,1.197732948
 2.793659626,1,1.197732948
 2.795449393,0,1.192731346
 2.795449393,1,1.192731346
 2.797238014,0,1.187729746
 2.797238014,1,1.187729746
 2.799025492,0,1.182728149
 2.799025492,1,1.182728149
 2.800811828,0,1.177726553
 2.800811828,1,1.177726553
 2.802597024,0,1.17272496
 2.802597024,1,1.17272496
 2.804381084,0,1.167723368
 2.804381084,1,1.167723368
 2.806164008,0,1.162721779
 2.806164008,1,1.162721779
 2.8079458,0,1.157720192
 2.8079458,1,1.157720192
 2.809726461,0,1.152718606
 2.809726461,1,1.152718606
 2.811505994,0,1.147717023
 2.811505994,1,1.147717023
 2.8132844,0,1.142715441
 2.8132844,1,1.142715441
 2.815061682,0,1.137713862
 2.815061682,1,1.137713862
 2.816837842,0,1.132712285
 2.816837842,1,1.132712285
 2.818612882,0,1.127710709
 2.818612882,1,1.127710709
 2.820386805,0,1.122709136
 2.820386805,1,1.122709136
 2.822159611,0,1.117707565
 2.822159611,1,1.117707565
 2.823931304,0,1.112705995
 2.823931304,1,1.112705995
 2.825701885,0,1.107704428
 2.825701885,1,1.107704428
 2.827471357,0,1.102702862
 2.827471357,1,1.102702862
 2.829239722,0,1.097701299
 2.829239722,1,1.097701299
 2.831006981,0,1.092699737
 2.831006981,1,1.092699737
 2.832773137,0,1.087698177
 2.832773137,1,1.087698177
 2.834538192,0,1.08269662
 2.834538192,1,1.08269662
 2.836302148,0,1.077695064
 2.836302148,1,1.077695064
 2.838065006,0,1.07269351
 2.838065006,1,1.07269351
 2.83982677,0,1.067691958
 2.83982677,1,1.067691958
 2.841587441,0,1.062690408
 2.841587441,1,1.062690408
 2.843347021,0,1.05768886
 2.843347021,1,1.05768886
 2.845105512,0,1.052687314
 2.845105512,1,1.052687314
 2.846862916,0,1.04768577
 2.846862916,1,1.04768577
 2.848619235,0,1.042684227
 2.848619235,1,1.042684227
 2.850374471,0,1.037682687
 2.850374471,1,1.037682687
 2.852128627,0,1.032681148
 2.852128627,1,1.032681148
 2.853881703,0,1.027679612
 2.853881703,1,1.027679612
 2.855633703,0,1.022678077
 2.855633703,1,1.022678077
 2.857384628,0,1.017676544
 2.857384628,1,1.017676544
 2.85913448,0,1.012675013
 2.85913448,1,1.012675013
 2.860883261,0,1.007673484
 2.860883261,1,1.007673484
 2.862630973,0,1.002671957
 2.862630973,1,1.002671957
 2.864377618,0,0.9976704313
 2.864377618,1,0.9976704313
 2.866123198,0,0.9926689078
 2.866123198,1,0.9926689078
 2.867867714,0,0.9876673861
 2.867867714,1,0.9876673861
 2.86961117,0,0.9826658663
 2.86961117,1,0.9826658663
 2.871353566,0,0.9776643484
 2.871353566,1,0.9776643484
 2.873094905,0,0.9726628322
 2.873094905,1,0.9726628322
 2.874835189,0,0.9676613179
 2.874835189,1,0.9676613179
 2.876574419,0,0.9626598055
 2.876574419,1,0.9626598055
 2.878312598,0,0.9576582948
 2.878312598,1,0.9576582948
 2.880049727,0,0.952656786
 2.880049727,1,0.952656786
 2.881785808,0,0.947655279
 2.881785808,1,0.947655279
 2.883520843,0,0.9426537739
 2.883520843,1,0.9426537739
 2.885254834,0,0.9376522705
 2.885254834,1,0.9376522705
 2.886987784,0,0.9326507689
 2.886987784,1,0.9326507689
 2.888719692,0,0.9276492692
 2.888719692,1,0.9276492692
 2.890450563,0,0.9226477712
 2.890450563,1,0.9226477712
 2.892180397,0,0.9176462751
 2.892180397,1,0.9176462751
 2.893909197,0,0.9126447807
 2.893909197,1,0.9126447807
 2.895636963,0,0.9076432881
 2.895636963,1,0.9076432881
 2.897363699,0,0.9026417973
 2.897363699,1,0.9026417973
 2.899089406,0,0.8976403083
 2.899089406,1,0.8976403083
 2.900814085,0,0.892638821
 2.900814085,1,0.892638821
 2.902537739,0,0.8876373355
 2.902537739,1,0.8876373355
 2.90426037,0,0.8826358518
 2.90426037,1,0.8826358518
 2.905981979,0,0.8776343698
 2.905981979,1,0.8776343698
 2.907702567,0,0.8726328896
 2.907702567,1,0.8726328896
 2.909422138,0,0.8676314111
 2.909422138,1,0.8676314111
 2.911140692,0,0.8626299344
 2.911140692,1,0.8626299344
 2.912858232,0,0.8576284595
 2.912858232,1,0.8576284595
 2.914574759,0,0.8526269862
 2.914574759,1,0.8526269862
 2.916290275,0,0.8476255147
 2.916290275,1,0.8476255147
 2.918004782,0,0.842624045
 2.918004782,1,0.842624045
 2.919718282,0,0.8376225769
 2.919718282,1,0.8376225769
 2.921430776,0,0.8326211106
 2.921430776,1,0.8326211106
 2.923142266,0,0.827619646
 2.923142266,1,0.827619646
 2.924852754,0,0.8226181831
 2.924852754,1,0.8226181831
 2.926562242,0,0.8176167219
 2.926562242,1,0.8176167219
 2.928270731,0,0.8126152625
 2.928270731,1,0.8126152625
 2.929978224,0,0.8076138047
 2.929978224,1,0.8076138047
 2.931684721,0,0.8026123486
 2.931684721,1,0.8026123486
 2.933390225,0,0.7976108943
 2.933390225,1,0.7976108943
 2.935094737,0,0.7926094416
 2.935094737,1,0.7926094416
 2.93679826,0,0.7876079906
 2.93679826,1,0.7876079906
 2.938500794,0,0.7826065413
 2.938500794,1,0.7826065413
 2.940202342,0,0.7776050937
 2.940202342,1,0.7776050937
 2.941902905,0,0.7726036477
 2.941902905,1,0.7726036477
 2.943602486,0,0.7676022034
 2.943602486,1,0.7676022034
 2.945301085,0,0.7626007608
 2.945301085,1,0.7626007608
 2.946998704,0,0.7575993198
 2.946998704,1,0.7575993198
 2.948695345,0,0.7525978805
 2.948695345,1,0.7525978805
 2.95039101,0,0.7475964429
 2.95039101,1,0.7475964429
 2.952085701,0,0.7425950069
 2.952085701,1,0.7425950069
 2.953779419,0,0.7375935726
 2.953779419,1,0.7375935726
 2.955472165,0,0.7325921399
 2.955472165,1,0.7325921399
 2.957163942,0,0.7275907088
 2.957163942,1,0.7275907088
 2.958854752,0,0.7225892794
 2.958854752,1,0.7225892794
 2.960544595,0,0.7175878516
 2.960544595,1,0.7175878516
 2.962233473,0,0.7125864255
 2.962233473,1,0.7125864255
 2.963921389,0,0.7075850009
 2.963921389,1,0.7075850009
 2.965608343,0,0.702583578
 2.965608343,1,0.702583578
 2.967294338,0,0.6975821567
 2.967294338,1,0.6975821567
 2.968979374,0,0.6925807371
 2.968979374,1,0.6925807371
 2.970663455,0,0.687579319
 2.970663455,1,0.687579319
 2.972346581,0,0.6825779025
 2.972346581,1,0.6825779025
 2.974028753,0,0.6775764877
 2.974028753,1,0.6775764877
 2.975709974,0,0.6725750744
 2.975709974,1,0.6725750744
 2.977390246,0,0.6675736628
 2.977390246,1,0.6675736628
 2.979069569,0,0.6625722527
 2.979069569,1,0.6625722527
 2.980747945,0,0.6575708442
 2.980747945,1,0.6575708442
 2.982425376,0,0.6525694374
 2.982425376,1,0.6525694374
 2.984101864,0,0.6475680321
 2.984101864,1,0.6475680321
 2.98577741,0,0.6425666283
 2.98577741,1,0.6425666283
 2.987452016,0,0.6375652262
 2.987452016,1,0.6375652262
 2.989125683,0,0.6325638256
 2.989125683,1,0.6325638256
 2.990798413,0,0.6275624266
 2.990798413,1,0.6275624266
 2.992470207,0,0.6225610291
 2.992470207,1,0.6225610291
 2.994141068,0,0.6175596332
 2.994141068,1,0.6175596332
 2.995810996,0,0.6125582389
 2.995810996,1,0.6125582389
 2.997479993,0,0.6075568461
 2.997479993,1,0.6075568461
 2.999148061,0,0.6025554549
 2.999148061,1,0.6025554549
 3.000815201,0,0.5975540652
 3.000815201,1,0.5975540652
 3.002481415,0,0.5925526771
 3.002481415,1,0.5925526771
 3.004146704,0,0.5875512905
 3.004146704,1,0.5875512905
 3.00581107,0,0.5825499055
 3.00581107,1,0.5825499055
 3.007474515,0,0.5775485219
 3.007474515,1,0.5775485219
 3.009137039,0,0.5725471399
 3.009137039,1,0.5725471399
 3.010798645,0,0.5675457595
 3.010798645,1,0.5675457595
 3.012459334,0,0.5625443805
 3.012459334,1,0.5625443805
 3.014119107,0,0.5575430031
 3.014119107,1,0.5575430031
 3.015777967,0,0.5525416272
 3.015777967,1,0.5525416272
 3.017435914,0,0.5475402528
 3.017435914,1,0.5475402528
 3.01909295,0,0.5425388799
 3.01909295,1,0.5425388799
 3.020749076,0,0.5375375085
 3.020749076,1,0.5375375085
 3.022404295,0,0.5325361387
 3.022404295,1,0.5325361387
 3.024058607,0,0.5275347703
 3.024058607,1,0.5275347703
 3.025712014,0,0.5225334034
 3.025712014,1,0.5225334034
 3.027364518,0,0.517532038
 3.027364518,1,0.517532038
 3.029016119,0,0.5125306741
 3.029016119,1,0.5125306741
 3.03066682,0,0.5075293117
 3.03066682,1,0.5075293117
 3.032316622,0,0.5025279508
 3.032316622,1,0.5025279508
 3.033965527,0,0.4975265914
 3.033965527,1,0.4975265914
 3.035613535,0,0.4925252334
 3.035613535,1,0.4925252334
 3.037260648,0,0.4875238769
 3.037260648,1,0.4875238769
 3.038906869,0,0.4825225219
 3.038906869,1,0.4825225219
 3.040552197,0,0.4775211683
 3.040552197,1,0.4775211683
 3.042196635,0,0.4725198162
 3.042196635,1,0.4725198162
 3.043840184,0,0.4675184656
 3.043840184,1,0.4675184656
 3.045482846,0,0.4625171164
 3.045482846,1,0.4625171164
 3.047124622,0,0.4575157687
 3.047124622,1,0.4575157687
 3.048765513,0,0.4525144225
 3.048765513,1,0.4525144225
 3.050405521,0,0.4475130777
 3.050405521,1,0.4475130777
 3.052044648,0,0.4425117343
 3.052044648,1,0.4425117343
 3.053682894,0,0.4375103924
 3.053682894,1,0.4375103924
 3.055320261,0,0.4325090519
 3.055320261,1,0.4325090519
 3.05695675,0,0.4275077128
 3.05695675,1,0.4275077128
 3.058592364,0,0.4225063752
 3.058592364,1,0.4225063752
 3.060227103,0,0.417505039
 3.060227103,1,0.417505039
 3.061860969,0,0.4125037043
 3.061860969,1,0.4125037043
 3.063493962,0,0.4075023709
 3.063493962,1,0.4075023709
 3.065126086,0,0.402501039
 3.065126086,1,0.402501039
 3.06675734,0,0.3974997085
 3.06675734,1,0.3974997085
 3.068387727,0,0.3924983794
 3.068387727,1,0.3924983794
 3.070017247,0,0.3874970518
 3.070017247,1,0.3874970518
 3.071645902,0,0.3824957255
 3.071645902,1,0.3824957255
 3.073273694,0,0.3774944007
 3.073273694,1,0.3774944007
 3.074900624,0,0.3724930772
 3.074900624,1,0.3724930772
 3.076526693,0,0.3674917552
 3.076526693,1,0.3674917552
 3.078151902,0,0.3624904345
 3.078151902,1,0.3624904345
 3.079776253,0,0.3574891153
 3.079776253,1,0.3574891153
 3.081399748,0,0.3524877974
 3.081399748,1,0.3524877974
 3.083022387,0,0.3474864809
 3.083022387,1,0.3474864809
 3.084644172,0,0.3424851658
 3.084644172,1,0.3424851658
 3.086265105,0,0.3374838521
 3.086265105,1,0.3374838521
 3.087885186,0,0.3324825398
 3.087885186,1,0.3324825398
 3.089504417,0,0.3274812288
 3.089504417,1,0.3274812288
 3.091122799,0,0.3224799192
 3.091122799,1,0.3224799192
 3.092740335,0,0.317478611
 3.092740335,1,0.317478611
 3.094357024,0,0.3124773042
 3.094357024,1,0.3124773042
 3.095972869,0,0.3074759987
 3.095972869,1,0.3074759987
 3.09758787,0,0.3024746946
 3.09758787,1,0.3024746946
 3.099202029,0,0.2974733918
 3.099202029,1,0.2974733918
 3.100815347,0,0.2924720904
 3.100815347,1,0.2924720904
 3.102427827,0,0.2874707904
 3.102427827,1,0.2874707904
 3.104039468,0,0.2824694917
 3.104039468,1,0.2824694917
 3.105650272,0,0.2774681944
 3.105650272,1,0.2774681944
 3.107260241,0,0.2724668984
 3.107260241,1,0.2724668984
 3.108869375,0,0.2674656037
 3.108869375,1,0.2674656037
 3.110477677,0,0.2624643104
 3.110477677,1,0.2624643104
 3.112085147,0,0.2574630184
 3.112085147,1,0.2574630184
 3.113691787,0,0.2524617278
 3.113691787,1,0.2524617278
 3.115297598,0,0.2474604384
 3.115297598,1,0.2474604384
 3.116902581,0,0.2424591505
 3.116902581,1,0.2424591505
 3.118506738,0,0.2374578638
 3.118506738,1,0.2374578638
 3.120110069,0,0.2324565785
 3.120110069,1,0.2324565785
 3.121712577,0,0.2274552944
 3.121712577,1,0.2274552944
 3.123314262,0,0.2224540117
 3.123314262,1,0.2224540117
 3.124915125,0,0.2174527304
 3.124915125,1,0.2174527304
 3.126515169,0,0.2124514503
 3.126515169,1,0.2124514503
 3.128114393,0,0.2074501715
 3.128114393,1,0.2074501715
 3.1297128,0,0.2024488941
 3.1297128,1,0.2024488941
 3.131310391,0,0.1974476179
 3.131310391,1,0.1974476179
 3.132907166,0,0.1924463431
 3.132907166,1,0.1924463431
 3.134503128,0,0.1874450695
 3.134503128,1,0.1874450695
 3.136098277,0,0.1824437973
 3.136098277,1,0.1824437973
 3.137692615,0,0.1774425263
 3.137692615,1,0.1774425263
 3.139286143,0,0.1724412567
 3.139286143,1,0.1724412567
 3.140878862,0,0.1674399883
 3.140878862,1,0.1674399883
 3.142470773,0,0.1624387212
 3.142470773,1,0.1624387212
 3.144061877,0,0.1574374554
 3.144061877,1,0.1574374554
 3.145652177,0,0.1524361909
 3.145652177,1,0.1524361909
 3.147241672,0,0.1474349276
 3.147241672,1,0.1474349276
 3.148830365,0,0.1424336657
 3.148830365,1,0.1424336657
 3.150418256,0,0.137432405
 3.150418256,1,0.137432405
 3.152005347,0,0.1324311455
 3.152005347,1,0.1324311455
 3.153591639,0,0.1274298874
 3.153591639,1,0.1274298874
 3.155177133,0,0.1224286305
 3.155177133,1,0.1224286305
 3.15676183,0,0.1174273748
 3.15676183,1,0.1174273748
 3.158345731,0,0.1124261205
 3.158345731,1,0.1124261205
 3.159928839,0,0.1074248673
 3.159928839,1,0.1074248673
 3.161511153,0,0.1024236155
 3.161511153,1,0.1024236155
 3.163092675,0,0.09742236488
 3.163092675,1,0.09742236488
 3.164673406,0,0.09242111553
 3.164673406,1,0.09242111553
 3.166253348,0,0.08741986742
 3.166253348,1,0.08741986742
 3.167832502,0,0.08241862056
 3.167832502,1,0.08241862056
 3.169410868,0,0.07741737494
 3.169410868,1,0.07741737494
 3.170988448,0,0.07241613056
 3.170988448,1,0.07241613056
 3.172565244,0,0.06741488741
 3.172565244,1,0.06741488741
 3.174141255,0,0.06241364551
 3.174141255,1,0.06241364551
 3.175716485,0,0.05741240483
 3.175716485,1,0.05741240483
 3.177290932,0,0.05241116539
 3.177290932,1,0.05241116539
 3.1788646,0,0.04740992718
 3.1788646,1,0.04740992718
 3.180437489,0,0.04240869019
 3.180437489,1,0.04240869019
 3.182009599,0,0.03740745442
 3.182009599,1,0.03740745442
 3.183580934,0,0.03240621988
 3.183580934,1,0.03240621988
 3.185151492,0,0.02740498655
 3.185151492,1,0.02740498655
 3.186721276,0,0.02240375444
 3.186721276,1,0.02240375444
 3.188290287,0,0.01740252354
 3.188290287,1,0.01740252354
 3.189858525,0,0.01240129385
 3.189858525,1,0.01240129385
 3.191425993,0,0.007400065376
 3.191425993,1,0.007400065376
 3.192992691,0,0.002398838105
 3.192992691,1,0.002398838105
 3.19455862,0,1.997397612
 3.19455862,1,1.997397612
 3.196123781,0,1.992396387
 3.196123781,1,1.992396387
 3.197688176,0,1.987395164
 3.197688176,1,1.987395164
 3.199251806,0,1.982393941
 3.199251806,1,1.982393941
 3.200814671,0,1.97739272
 3.200814671,1,1.97739272
 3.202376774,0,1.9723915
 3.202376774,1,1.9723915
 3.203938114,0,1.967390281
 3.203938114,1,1.967390281
 3.205498693,0,1.962389063
 3.205498693,1,1.962389063
 3.207058513,0,1.957387847
 3.207058513,1,1.957387847
 3.208617574,0,1.952386631
 3.208617574,1,1.952386631
 3.210175878,0,1.947385417
 3.210175878,1,1.947385417
 3.211733425,0,1.942384204
 3.211733425,1,1.942384204
 3.213290216,0,1.937382992
 3.213290216,1,1.937382992
 3.214846254,0,1.932381782
 3.214846254,1,1.932381782
 3.216401538,0,1.927380572
 3.216401538,1,1.927380572
 3.217956071,0,1.922379364
 3.217956071,1,1.922379364
 3.219509852,0,1.917378157
 3.219509852,1,1.917378157
 3.221062883,0,1.912376951
 3.221062883,1,1.912376951
 3.222615166,0,1.907375746
 3.222615166,1,1.907375746
 3.224166701,0,1.902374542
 3.224166701,1,1.902374542
 3.225717489,0,1.89737334
 3.225717489,1,1.89737334
 3.227267532,0,1.892372139
 3.227267532,1,1.892372139
 3.22881683,0,1.887370938
 3.22881683,1,1.887370938
 3.230365385,0,1.882369739
 3.230365385,1,1.882369739
 3.231913198,0,1.877368542
 3.231913198,1,1.877368542
 3.233460269,0,1.872367345
 3.233460269,1,1.872367345
 3.2350066,0,1.867366149
 3.2350066,1,1.867366149
 3.236552192,0,1.862364955
 3.236552192,1,1.862364955
 3.238097046,0,1.857363762
 3.238097046,1,1.857363762
 3.239641162,0,1.852362569
 3.239641162,1,1.852362569
 3.241184543,0,1.847361378
 3.241184543,1,1.847361378
 3.242727189,0,1.842360189
 3.242727189,1,1.842360189
 3.244269101,0,1.837359
 3.244269101,1,1.837359
 3.24581028,0,1.832357812
 3.24581028,1,1.832357812
 3.247350728,0,1.827356626
 3.247350728,1,1.827356626
 3.248890444,0,1.82235544
 3.248890444,1,1.82235544
 3.250429431,0,1.817354256
 3.250429431,1,1.817354256
 3.25196769,0,1.812353073
 3.25196769,1,1.812353073
 3.25350522,0,1.807351891
 3.25350522,1,1.807351891
 3.255042024,0,1.80235071
 3.255042024,1,1.80235071
 3.256578103,0,1.79734953
 3.256578103,1,1.79734953
 3.258113457,0,1.792348352
 3.258113457,1,1.792348352
 3.259648087,0,1.787347174
 3.259648087,1,1.787347174
 3.261181995,0,1.782345998
 3.261181995,1,1.782345998
 3.262715181,0,1.777344822
 3.262715181,1,1.777344822
 3.264247647,0,1.772343648
 3.264247647,1,1.772343648
 3.265779394,0,1.767342475
 3.265779394,1,1.767342475
 3.267310422,0,1.762341303
 3.267310422,1,1.762341303
 3.268840733,0,1.757340132
 3.268840733,1,1.757340132
 3.270370327,0,1.752338962
 3.270370327,1,1.752338962
 3.271899206,0,1.747337794
 3.271899206,1,1.747337794
 3.27342737,0,1.742336626
 3.27342737,1,1.742336626
 3.274954821,0,1.737335459
 3.274954821,1,1.737335459
 3.27648156,0,1.732334294
 3.27648156,1,1.732334294
 3.278007587,0,1.727333129
 3.278007587,1,1.727333129
 3.279532904,0,1.722331966
 3.279532904,1,1.722331966
 3.281057511,0,1.717330804
 3.281057511,1,1.717330804
 3.28258141,0,1.712329643
 3.28258141,1,1.712329643
 3.284104602,0,1.707328483
 3.284104602,1,1.707328483
 3.285627087,0,1.702327324
 3.285627087,1,1.702327324
 3.287148866,0,1.697326166
 3.287148866,1,1.697326166
 3.288669941,0,1.692325009
 3.288669941,1,1.692325009
 3.290190313,0,1.687323853
 3.290190313,1,1.687323853
 3.291709982,0,1.682322699
 3.291709982,1,1.682322699
 3.293228949,0,1.677321545
 3.293228949,1,1.677321545
 3.294747216,0,1.672320392
 3.294747216,1,1.672320392
 3.296264783,0,1.667319241
 3.296264783,1,1.667319241
 3.297781651,0,1.66231809
 3.297781651,1,1.66231809
 3.299297822,0,1.657316941
 3.299297822,1,1.657316941
 3.300813296,0,1.652315793
 3.300813296,1,1.652315793
 3.302328074,0,1.647314645
 3.302328074,1,1.647314645
 3.303842157,0,1.642313499
 3.303842157,1,1.642313499
 3.305355547,0,1.637312354
 3.305355547,1,1.637312354
 3.306868244,0,1.63231121
 3.306868244,1,1.63231121
 3.308380248,0,1.627310067
 3.308380248,1,1.627310067
 3.309891562,0,1.622308925
 3.309891562,1,1.622308925
 3.311402185,0,1.617307784
 3.311402185,1,1.617307784
 3.31291212,0,1.612306644
 3.31291212,1,1.612306644
 3.314421366,0,1.607305505
 3.314421366,1,1.607305505
 3.315929925,0,1.602304367
 3.315929925,1,1.602304367
 3.317437797,0,1.59730323
 3.317437797,1,1.59730323
 3.318944985,0,1.592302094
 3.318944985,1,1.592302094
 3.320451487,0,1.58730096
 3.320451487,1,1.58730096
 3.321957307,0,1.582299826
 3.321957307,1,1.582299826
 3.323462444,0,1.577298693
 3.323462444,1,1.577298693
 3.324966899,0,1.572297562
 3.324966899,1,1.572297562
 3.326470673,0,1.567296431
 3.326470673,1,1.567296431
 3.327973768,0,1.562295301
 3.327973768,1,1.562295301
 3.329476183,0,1.557294173
 3.329476183,1,1.557294173
 3.330977921,0,1.552293045
 3.330977921,1,1.552293045
 3.332478982,0,1.547291918
 3.332478982,1,1.547291918
 3.333979366,0,1.542290793
 3.333979366,1,1.542290793
 3.335479076,0,1.537289668
 3.335479076,1,1.537289668
 3.336978111,0,1.532288545
 3.336978111,1,1.532288545
 3.338476472,0,1.527287422
 3.338476472,1,1.527287422
 3.339974161,0,1.522286301
 3.339974161,1,1.522286301
 3.341471179,0,1.51728518
 3.341471179,1,1.51728518
 3.342967526,0,1.512284061
 3.342967526,1,1.512284061
 3.344463203,0,1.507282942
 3.344463203,1,1.507282942
 3.345958211,0,1.502281824
 3.345958211,1,1.502281824
 3.347452551,0,1.497280708
 3.347452551,1,1.497280708
 3.348946225,0,1.492279592
 3.348946225,1,1.492279592
 3.350439232,0,1.487278478
 3.350439232,1,1.487278478
 3.351931573,0,1.482277364
 3.351931573,1,1.482277364
 3.35342325,0,1.477276252
 3.35342325,1,1.477276252
 3.354914264,0,1.47227514
 3.354914264,1,1.47227514
 3.356404615,0,1.46727403
 3.356404615,1,1.46727403
 3.357894304,0,1.46227292
 3.357894304,1,1.46227292
 3.359383333,0,1.457271811
 3.359383333,1,1.457271811
 3.360871701,0,1.452270704
 3.360871701,1,1.452270704
 3.362359411,0,1.447269597
 3.362359411,1,1.447269597
 3.363846462,0,1.442268492
 3.363846462,1,1.442268492
 3.365332855,0,1.437267387
 3.365332855,1,1.437267387
 3.366818592,0,1.432266283
 3.366818592,1,1.432266283
 3.368303674,0,1.42726518
 3.368303674,1,1.42726518
 3.369788101,0,1.422264079
 3.369788101,1,1.422264079
 3.371271873,0,1.417262978
 3.371271873,1,1.417262978
 3.372754993,0,1.412261878
 3.372754993,1,1.412261878
 3.374237461,0,1.407260779
 3.374237461,1,1.407260779
 3.375719277,0,1.402259681
 3.375719277,1,1.402259681
 3.377200443,0,1.397258584
 3.377200443,1,1.397258584
 3.378680959,0,1.392257488
 3.378680959,1,1.392257488
 3.380160827,0,1.387256393
 3.380160827,1,1.387256393
 3.381640046,0,1.382255299
 3.381640046,1,1.382255299
 3.383118619,0,1.377254206
 3.383118619,1,1.377254206
 3.384596545,0,1.372253114
 3.384596545,1,1.372253114
 3.386073826,0,1.367252023
 3.386073826,1,1.367252023
 3.387550462,0,1.362250933
 3.387550462,1,1.362250933
 3.389026455,0,1.357249843
 3.389026455,1,1.357249843
 3.390501805,0,1.352248755
 3.390501805,1,1.352248755
 3.391976513,0,1.347247668
 3.391976513,1,1.347247668
 3.39345058,0,1.342246581
 3.39345058,1,1.342246581
 3.394924006,0,1.337245496
 3.394924006,1,1.337245496
 3.396396793,0,1.332244411
 3.396396793,1,1.332244411
 3.397868942,0,1.327243328
 3.397868942,1,1.327243328
 3.399340452,0,1.322242245
 3.399340452,1,1.322242245
 3.400811326,0,1.317241163
 3.400811326,1,1.317241163
 3.402281563,0,1.312240082
 3.402281563,1,1.312240082
 3.403751165,0,1.307239003
 3.403751165,1,1.307239003
 3.405220133,0,1.302237924
 3.405220133,1,1.302237924
 3.406688467,0,1.297236846
 3.406688467,1,1.297236846
 3.408156168,0,1.292235769
 3.408156168,1,1.292235769
 3.409623237,0,1.287234692
 3.409623237,1,1.287234692
 3.411089674,0,1.282233617
 3.411089674,1,1.282233617
 3.412555481,0,1.277232543
 3.412555481,1,1.277232543
 3.414020659,0,1.27223147
 3.414020659,1,1.27223147
 3.415485208,0,1.267230397
 3.415485208,1,1.267230397
 3.416949129,0,1.262229326
 3.416949129,1,1.262229326
 3.418412422,0,1.257228255
 3.418412422,1,1.257228255
 3.41987509,0,1.252227185
 3.41987509,1,1.252227185
 3.421337131,0,1.247226116
 3.421337131,1,1.247226116
 3.422798548,0,1.242225049
 3.422798548,1,1.242225049
 3.424259341,0,1.237223982
 3.424259341,1,1.237223982
 3.425719511,0,1.232222916
 3.425719511,1,1.232222916
 3.427179059,0,1.22722185
 3.427179059,1,1.22722185
 3.428637984,0,1.222220786
 3.428637984,1,1.222220786
 3.430096289,0,1.217219723
 3.430096289,1,1.217219723
 3.431553974,0,1.21221866
 3.431553974,1,1.21221866
 3.43301104,0,1.207217599
 3.43301104,1,1.207217599
 3.434467488,0,1.202216538
 3.434467488,1,1.202216538
 3.435923317,0,1.197215479
 3.435923317,1,1.197215479
 3.43737853,0,1.19221442
 3.43737853,1,1.19221442
 3.438833127,0,1.187213362
 3.438833127,1,1.187213362
 3.440287109,0,1.182212305
 3.440287109,1,1.182212305
 3.441740476,0,1.177211249
 3.441740476,1,1.177211249
 3.443193229,0,1.172210193
 3.443193229,1,1.172210193
 3.44464537,0,1.167209139
 3.44464537,1,1.167209139
 3.446096898,0,1.162208086
 3.446096898,1,1.162208086
 3.447547815,0,1.157207033
 3.447547815,1,1.157207033
 3.448998121,0,1.152205981
 3.448998121,1,1.152205981
 3.450447817,0,1.147204931
 3.450447817,1,1.147204931
 3.451896904,0,1.142203881
 3.451896904,1,1.142203881
 3.453345383,0,1.137202832
 3.453345383,1,1.137202832
 3.454793255,0,1.132201783
 3.454793255,1,1.132201783
 3.456240519,0,1.127200736
 3.456240519,1,1.127200736
 3.457687178,0,1.12219969
 3.457687178,1,1.12219969
 3.459133231,0,1.117198644
 3.459133231,1,1.117198644
 3.46057868,0,1.1121976
 3.46057868,1,1.1121976
 3.462023525,0,1.107196556
 3.462023525,1,1.107196556
 3.463467767,0,1.102195513
 3.463467767,1,1.102195513
 3.464911407,0,1.097194471
 3.464911407,1,1.097194471
 3.466354445,0,1.09219343
 3.466354445,1,1.09219343
 3.467796883,0,1.087192389
 3.467796883,1,1.087192389
 3.469238721,0,1.08219135
 3.469238721,1,1.08219135
 3.470679959,0,1.077190311
 3.470679959,1,1.077190311
 3.472120599,0,1.072189274
 3.472120599,1,1.072189274
 3.473560641,0,1.067188237
 3.473560641,1,1.067188237
 3.475000086,0,1.062187201
 3.475000086,1,1.062187201
 3.476438935,0,1.057186166
 3.476438935,1,1.057186166
 3.477877188,0,1.052185131
 3.477877188,1,1.052185131
 3.479314847,0,1.047184098
 3.479314847,1,1.047184098
 3.480751912,0,1.042183065
 3.480751912,1,1.042183065
 3.482188383,0,1.037182033
 3.482188383,1,1.037182033
 3.483624261,0,1.032181003
 3.483624261,1,1.032181003
 3.485059548,0,1.027179973
 3.485059548,1,1.027179973
 3.486494244,0,1.022178943
 3.486494244,1,1.022178943
 3.487928349,0,1.017177915
 3.487928349,1,1.017177915
 3.489361865,0,1.012176888
 3.489361865,1,1.012176888
 3.490794792,0,1.007175861
 3.490794792,1,1.007175861
 3.49222713,0,1.002174835
 3.49222713,1,1.002174835
 3.493658881,0,0.9971738102
 3.493658881,1,0.9971738102
 3.495090046,0,0.9921727861
 3.495090046,1,0.9921727861
 3.496520624,0,0.9871717628
 3.496520624,1,0.9871717628
 3.497950617,0,0.9821707404
 3.497950617,1,0.9821707404
 3.499380025,0,0.9771697188
 3.499380025,1,0.9771697188
 3.50080885,0,0.972168698
 3.50080885,1,0.972168698
 3.502237091,0,0.9671676781
 3.502237091,1,0.9671676781
 3.50366475,0,0.962166659
 3.50366475,1,0.962166659
 3.505091827,0,0.9571656407
 3.505091827,1,0.9571656407
 3.506518324,0,0.9521646232
 3.506518324,1,0.9521646232
 3.507944239,0,0.9471636066
 3.507944239,1,0.9471636066
 3.509369576,0,0.9421625908
 3.509369576,1,0.9421625908
 3.510794333,0,0.9371615759
 3.510794333,1,0.9371615759
 3.512218512,0,0.9321605617
 3.512218512,1,0.9321605617
 3.513642114,0,0.9271595484
 3.513642114,1,0.9271595484
 3.515065139,0,0.9221585359
 3.515065139,1,0.9221585359
 3.516487587,0,0.9171575242
 3.516487587,1,0.9171575242
 3.517909461,0,0.9121565134
 3.517909461,1,0.9121565134
 3.519330759,0,0.9071555033
 3.519330759,1,0.9071555033
 3.520751484,0,0.9021544941
 3.520751484,1,0.9021544941
 3.522171635,0,0.8971534857
 3.522171635,1,0.8971534857
 3.523591214,0,0.8921524781
 3.523591214,1,0.8921524781
 3.525010221,0,0.8871514713
 3.525010221,1,0.8871514713
 3.526428657,0,0.8821504653
 3.526428657,1,0.8821504653
 3.527846522,0,0.8771494601
 3.527846522,1,0.8771494601
 3.529263817,0,0.8721484558
 3.529263817,1,0.8721484558
 3.530680543,0,0.8671474522
 3.530680543,1,0.8671474522
 3.5320967,0,0.8621464495
 3.5320967,1,0.8621464495
 3.53351229,0,0.8571454475
 3.53351229,1,0.8571454475
 3.534927313,0,0.8521444464
 3.534927313,1,0.8521444464
 3.536341769,0,0.847143446
 3.536341769,1,0.847143446
 3.53775566,0,0.8421424465
 3.53775566,1,0.8421424465
 3.539168985,0,0.8371414477
 3.539168985,1,0.8371414477
 3.540581746,0,0.8321404498
 3.540581746,1,0.8321404498
 3.541993943,0,0.8271394526
 3.541993943,1,0.8271394526
 3.543405578,0,0.8221384563
 3.543405578,1,0.8221384563
 3.544816649,0,0.8171374607
 3.544816649,1,0.8171374607
 3.54622716,0,0.812136466
 3.54622716,1,0.812136466
 3.547637109,0,0.807135472
 3.547637109,1,0.807135472
 3.549046498,0,0.8021344788
 3.549046498,1,0.8021344788
 3.550455327,0,0.7971334864
 3.550455327,1,0.7971334864
 3.551863597,0,0.7921324948
 3.551863597,1,0.7921324948
 3.553271309,0,0.787131504
 3.553271309,1,0.787131504
 3.554678463,0,0.7821305139
 3.554678463,1,0.7821305139
 3.55608506,0,0.7771295247
 3.55608506,1,0.7771295247
 3.5574911,0,0.7721285362
 3.5574911,1,0.7721285362
 3.558896585,0,0.7671275485
 3.558896585,1,0.7671275485
 3.560301515,0,0.7621265616
 3.560301515,1,0.7621265616
 3.56170589,0,0.7571255754
 3.56170589,1,0.7571255754
 3.563109712,0,0.7521245901
 3.563109712,1,0.7521245901
 3.564512981,0,0.7471236055
 3.564512981,1,0.7471236055
 3.565915697,0,0.7421226217
 3.565915697,1,0.7421226217
 3.567317861,0,0.7371216387
 3.567317861,1,0.7371216387
 3.568719474,0,0.7321206564
 3.568719474,1,0.7321206564
 3.570120537,0,0.7271196749
 3.570120537,1,0.7271196749
 3.57152105,0,0.7221186942
 3.57152105,1,0.7221186942
 3.572921014,0,0.7171177142
 3.572921014,1,0.7171177142
 3.574320429,0,0.7121167351
 3.574320429,1,0.7121167351
 3.575719296,0,0.7071157566
 3.575719296,1,0.7071157566
 3.577117616,0,0.702114779
 3.577117616,1,0.702114779
 3.57851539,0,0.6971138021
 3.57851539,1,0.6971138021
 3.579912617,0,0.692112826
 3.579912617,1,0.692112826
 3.5813093,0,0.6871118506
 3.5813093,1,0.6871118506
 3.582705437,0,0.682110876
 3.582705437,1,0.682110876
 3.58410103,0,0.6771099022
 3.58410103,1,0.6771099022
 3.58549608,0,0.6721089291
 3.58549608,1,0.6721089291
 3.586890587,0,0.6671079568
 3.586890587,1,0.6671079568
 3.588284552,0,0.6621069852
 3.588284552,1,0.6621069852
 3.589677976,0,0.6571060144
 3.589677976,1,0.6571060144
 3.591070859,0,0.6521050443
 3.591070859,1,0.6521050443
 3.592463201,0,0.647104075
 3.592463201,1,0.647104075
 3.593855004,0,0.6421031065
 3.593855004,1,0.6421031065
 3.595246267,0,0.6371021387
 3.595246267,1,0.6371021387
 3.596636993,0,0.6321011716
 3.596636993,1,0.6321011716
 3.59802718,0,0.6271002053
 3.59802718,1,0.6271002053
 3.599416831,0,0.6220992397
 3.599416831,1,0.6220992397
 3.600805945,0,0.6170982749
 3.600805945,1,0.6170982749
 3.602194523,0,0.6120973108
 3.602194523,1,0.6120973108
 3.603582565,0,0.6070963475
 3.603582565,1,0.6070963475
 3.604970073,0,0.6020953849
 3.604970073,1,0.6020953849
 3.606357047,0,0.5970944231
 3.606357047,1,0.5970944231
 3.607743488,0,0.592093462
 3.607743488,1,0.592093462
 3.609129396,0,0.5870925016
 3.609129396,1,0.5870925016
 3.610514772,0,0.582091542
 3.610514772,1,0.582091542
 3.611899616,0,0.5770905831
 3.611899616,1,0.5770905831
 3.613283929,0,0.5720896249
 3.613283929,1,0.5720896249
 3.614667712,0,0.5670886675
 3.614667712,1,0.5670886675
 3.616050965,0,0.5620877108
 3.616050965,1,0.5620877108
 3.617433688,0,0.5570867548
 3.617433688,1,0.5570867548
 3.618815884,0,0.5520857996
 3.618815884,1,0.5520857996
 3.620197551,0,0.5470848451
 3.620197551,1,0.5470848451
 3.621578691,0,0.5420838913
 3.621578691,1,0.5420838913
 3.622959305,0,0.5370829383
 3.622959305,1,0.5370829383
 3.624339392,0,0.5320819859
 3.624339392,1,0.5320819859
 3.625718954,0,0.5270810343
 3.625718954,1,0.5270810343
 3.627097991,0,0.5220800835
 3.627097991,1,0.5220800835
 3.628476503,0,0.5170791333
 3.628476503,1,0.5170791333
 3.629854492,0,0.5120781839
 3.629854492,1,0.5120781839
 3.631231958,0,0.5070772352
 3.631231958,1,0.5070772352
 3.632608901,0,0.5020762872
 3.632608901,1,0.5020762872
 3.633985322,0,0.4970753399
 3.633985322,1,0.4970753399
 3.635361222,0,0.4920743934
 3.635361222,1,0.4920743934
 3.636736601,0,0.4870734476
 3.636736601,1,0.4870734476
 3.63811146,0,0.4820725024
 3.63811146,1,0.4820725024
 3.639485799,0,0.477071558
 3.639485799,1,0.477071558
 3.64085962,0,0.4720706143
 3.64085962,1,0.4720706143
 3.642232922,0,0.4670696714
 3.642232922,1,0.4670696714
 3.643605706,0,0.4620687291
 3.643605706,1,0.4620687291
 3.644977973,0,0.4570677875
 3.644977973,1,0.4570677875
 3.646349724,0,0.4520668467
 3.646349724,1,0.4520668467
 3.647720958,0,0.4470659065
 3.647720958,1,0.4470659065
 3.649091677,0,0.4420649671
 3.649091677,1,0.4420649671
 3.650461881,0,0.4370640284
 3.650461881,1,0.4370640284
 3.65183157,0,0.4320630903
 3.65183157,1,0.4320630903
 3.653200746,0,0.427062153
 3.653200746,1,0.427062153
 3.654569409,0,0.4220612164
 3.654569409,1,0.4220612164
 3.65593756,0,0.4170602805
 3.65593756,1,0.4170602805
 3.657305198,0,0.4120593453
 3.657305198,1,0.4120593453
 3.658672325,0,0.4070584108
 3.658672325,1,0.4070584108
 3.660038941,0,0.4020574769
 3.660038941,1,0.4020574769
 3.661405046,0,0.3970565438
 3.661405046,1,0.3970565438
 3.662770642,0,0.3920556114
 3.662770642,1,0.3920556114
 3.664135729,0,0.3870546797
 3.664135729,1,0.3870546797
 3.665500307,0,0.3820537486
 3.665500307,1,0.3820537486
 3.666864378,0,0.3770528183
 3.666864378,1,0.3770528183
 3.66822794,0,0.3720518886
 3.66822794,1,0.3720518886
 3.669590996,0,0.3670509597
 3.669590996,1,0.3670509597
 3.670953546,0,0.3620500314
 3.670953546,1,0.3620500314
 3.67231559,0,0.3570491038
 3.67231559,1,0.3570491038
 3.673677129,0,0.3520481769
 3.673677129,1,0.3520481769
 3.675038163,0,0.3470472507
 3.675038163,1,0.3470472507
 3.676398693,0,0.3420463252
 3.676398693,1,0.3420463252
 3.67775872,0,0.3370454004
 3.67775872,1,0.3370454004
 3.679118243,0,0.3320444762
 3.679118243,1,0.3320444762
 3.680477265,0,0.3270435527
 3.680477265,1,0.3270435527
 3.681835784,0,0.3220426299
 3.681835784,1,0.3220426299
 3.683193802,0,0.3170417078
 3.683193802,1,0.3170417078
 3.68455132,0,0.3120407864
 3.68455132,1,0.3120407864
 3.685908337,0,0.3070398657
 3.685908337,1,0.3070398657
 3.687264855,0,0.3020389456
 3.687264855,1,0.3020389456
 3.688620873,0,0.2970380262
 3.688620873,1,0.2970380262
 3.689976394,0,0.2920371075
 3.689976394,1,0.2920371075
 3.691331416,0,0.2870361894
 3.691331416,1,0.2870361894
 3.692685941,0,0.2820352721
 3.692685941,1,0.2820352721
 3.694039969,0,0.2770343554
 3.694039969,1,0.2770343554
 3.6953935,0,0.2720334394
 3.6953935,1,0.2720334394
 3.696746536,0,0.267032524
 3.696746536,1,0.267032524
 3.698099077,0,0.2620316093
 3.698099077,1,0.2620316093
 3.699451123,0,0.2570306953
 3.699451123,1,0.2570306953
 3.700802675,0,0.252029782
 3.700802675,1,0.252029782
 3.702153733,0,0.2470288693
 3.702153733,1,0.2470288693
 3.703504298,0,0.2420279573
 3.703504298,1,0.2420279573
 3.704854371,0,0.2370270459
 3.704854371,1,0.2370270459
 3.706203951,0,0.2320261352
 3.706203951,1,0.2320261352
 3.707553041,0,0.2270252252
 3.707553041,1,0.2270252252
 3.708901639,0,0.2220243158
 3.708901639,1,0.2220243158
 3.710249747,0,0.2170234072
 3.710249747,1,0.2170234072
 3.711597365,0,0.2120224991
 3.711597365,1,0.2120224991
 3.712944494,0,0.2070215917
 3.712944494,1,0.2070215917
 3.714291134,0,0.202020685
 3.714291134,1,0.202020685
 3.715637286,0,0.197019779
 3.715637286,1,0.197019779
 3.71698295,0,0.1920188735
 3.71698295,1,0.1920188735
 3.718328127,0,0.1870179688
 3.718328127,1,0.1870179688
 3.719672818,0,0.1820170647
 3.719672818,1,0.1820170647
 3.721017022,0,0.1770161613
 3.721017022,1,0.1770161613
 3.722360741,0,0.1720152585
 3.722360741,1,0.1720152585
 3.723703974,0,0.1670143563
 3.723703974,1,0.1670143563
 3.725046723,0,0.1620134548
 3.725046723,1,0.1620134548
 3.726388988,0,0.157012554
 3.726388988,1,0.157012554
 3.72773077,0,0.1520116538
 3.72773077,1,0.1520116538
 3.729072068,0,0.1470107543
 3.729072068,1,0.1470107543
 3.730412885,0,0.1420098554
 3.730412885,1,0.1420098554
 3.731753219,0,0.1370089571
 3.731753219,1,0.1370089571
 3.733093072,0,0.1320080595
 3.733093072,1,0.1320080595
 3.734432443,0,0.1270071626
 3.734432443,1,0.1270071626
 3.735771335,0,0.1220062663
 3.735771335,1,0.1220062663
 3.737109747,0,0.1170053706
 3.737109747,1,0.1170053706
 3.738447679,0,0.1120044756
 3.738447679,1,0.1120044756
 3.739785133,0,0.1070035812
 3.739785133,1,0.1070035812
 3.741122108,0,0.1020026874
 3.741122108,1,0.1020026874
 3.742458605,0,0.0970017943
 3.742458605,1,0.0970017943
 3.743794625,0,0.09200090182
 3.743794625,1,0.09200090182
 3.745130169,0,0.08700000999
 3.745130169,1,0.08700000999
 3.746465236,0,0.08199911878
 3.746465236,1,0.08199911878
 3.747799827,0,0.07699822822
 3.747799827,1,0.07699822822
 3.749133943,0,0.07199733828
 3.749133943,1,0.07199733828
 3.750467584,0,0.06699644898
 3.750467584,1,0.06699644898
 3.751800752,0,0.06199556032
 3.751800752,1,0.06199556032
 3.753133445,0,0.05699467228
 3.753133445,1,0.05699467228
 3.754465665,0,0.05199378488
 3.754465665,1,0.05199378488
 3.755797413,0,0.0469928981
 3.755797413,1,0.0469928981
 3.757128688,0,0.04199201195
 3.757128688,1,0.04199201195
 3.758459491,0,0.03699112643
 3.758459491,1,0.03699112643
 3.759789824,0,0.03199024154
 3.759789824,1,0.03199024154
 3.761119685,0,0.02698935728
 3.761119685,1,0.02698935728
 3.762449076,0,0.02198847364
 3.762449076,1,0.02198847364
 3.763777998,0,0.01698759062
 3.763777998,1,0.01698759062
 3.76510645,0,0.01198670823
 3.76510645,1,0.01198670823
 3.766434434,0,0.006985826456
 3.766434434,1,0.006985826456
 3.76776195,0,0.001984945307
 3.76776195,1,0.001984945307
 3.769088997,0,1.996984065
 3.769088997,1,1.996984065
 3.770415578,0,1.991983185
 3.770415578,1,1.991983185
 3.771741692,0,1.986982306
 3.771741692,1,1.986982306
 3.773067339,0,1.981981427
 3.773067339,1,1.981981427
 3.774392521,0,1.976980549
 3.774392521,1,1.976980549
 3.775717237,0,1.971979671
 3.775717237,1,1.971979671
 3.777041489,0,1.966978795
 3.777041489,1,1.966978795
 3.778365277,0,1.961977918
 3.778365277,1,1.961977918
 3.7796886,0,1.956977043
 3.7796886,1,1.956977043
 3.78101146,0,1.951976168
 3.78101146,1,1.951976168
 3.782333858,0,1.946975293
 3.782333858,1,1.946975293
 3.783655793,0,1.94197442
 3.783655793,1,1.94197442
 3.784977266,0,1.936973547
 3.784977266,1,1.936973547
 3.786298278,0,1.931972674
 3.786298278,1,1.931972674
 3.787618829,0,1.926971802
 3.787618829,1,1.926971802
 3.78893892,0,1.921970931
 3.78893892,1,1.921970931
 3.790258551,0,1.91697006
 3.790258551,1,1.91697006
 3.791577722,0,1.91196919
 3.791577722,1,1.91196919
 3.792896434,0,1.90696832
 3.792896434,1,1.90696832
 3.794214688,0,1.901967452
 3.794214688,1,1.901967452
 3.795532484,0,1.896966583
 3.795532484,1,1.896966583
 3.796849822,0,1.891965716
 3.796849822,1,1.891965716
 3.798166703,0,1.886964848
 3.798166703,1,1.886964848
 3.799483127,0,1.881963982
 3.799483127,1,1.881963982
 3.800799096,0,1.876963116
 3.800799096,1,1.876963116
 3.802114609,0,1.871962251
 3.802114609,1,1.871962251
 3.803429666,0,1.866961386
 3.803429666,1,1.866961386
 3.804744269,0,1.861960522
 3.804744269,1,1.861960522
 3.806058418,0,1.856959659
 3.806058418,1,1.856959659
 3.807372113,0,1.851958796
 3.807372113,1,1.851958796
 3.808685355,0,1.846957933
 3.808685355,1,1.846957933
 3.809998144,0,1.841957072
 3.809998144,1,1.841957072
 3.811310481,0,1.836956211
 3.811310481,1,1.836956211
 3.812622365,0,1.83195535
 3.812622365,1,1.83195535
 3.813933799,0,1.82695449
 3.813933799,1,1.82695449
 3.815244781,0,1.821953631
 3.815244781,1,1.821953631
 3.816555313,0,1.816952772
 3.816555313,1,1.816952772
 3.817865395,0,1.811951914
 3.817865395,1,1.811951914
 3.819175027,0,1.806951056
 3.819175027,1,1.806951056
 3.82048421,0,1.801950199
 3.82048421,1,1.801950199
 3.821792945,0,1.796949343
 3.821792945,1,1.796949343
 3.823101231,0,1.791948487
 3.823101231,1,1.791948487
 3.82440907,0,1.786947632
 3.82440907,1,1.786947632
 3.825716462,0,1.781946777
 3.825716462,1,1.781946777
 3.827023406,0,1.776945923
 3.827023406,1,1.776945923
 3.828329905,0,1.77194507
 3.828329905,1,1.77194507
 3.829635957,0,1.766944217
 3.829635957,1,1.766944217
 3.830941565,0,1.761943365
 3.830941565,1,1.761943365
 3.832246727,0,1.756942513
 3.832246727,1,1.756942513
 3.833551444,0,1.751941662
 3.833551444,1,1.751941662
 3.834855718,0,1.746940811
 3.834855718,1,1.746940811
 3.836159548,0,1.741939961
 3.836159548,1,1.741939961
 3.837462935,0,1.736939112
 3.837462935,1,1.736939112
 3.838765879,0,1.731938263
 3.838765879,1,1.731938263
 3.840068381,0,1.726937415
 3.840068381,1,1.726937415
 3.841370441,0,1.721936567
 3.841370441,1,1.721936567
 3.84267206,0,1.71693572
 3.84267206,1,1.71693572
 3.843973238,0,1.711934873
 3.843973238,1,1.711934873
 3.845273975,0,1.706934027
 3.845273975,1,1.706934027
 3.846574273,0,1.701933182
 3.846574273,1,1.701933182
 3.847874131,0,1.696932337
 3.847874131,1,1.696932337
 3.84917355,0,1.691931493
 3.84917355,1,1.691931493
 3.85047253,0,1.686930649
 3.85047253,1,1.686930649
 3.851771072,0,1.681929806
 3.851771072,1,1.681929806
 3.853069176,0,1.676928964
 3.853069176,1,1.676928964
 3.854366843,0,1.671928122
 3.854366843,1,1.671928122
 3.855664072,0,1.66692728
 3.855664072,1,1.66692728
 3.856960866,0,1.661926439
 3.856960866,1,1.661926439
 3.858257223,0,1.656925599
 3.858257223,1,1.656925599
 3.859553145,0,1.651924759
 3.859553145,1,1.651924759
 3.860848632,0,1.64692392
 3.860848632,1,1.64692392
 3.862143684,0,1.641923082
 3.862143684,1,1.641923082
 3.863438302,0,1.636922244
 3.863438302,1,1.636922244
 3.864732486,0,1.631921406
 3.864732486,1,1.631921406
 3.866026237,0,1.626920569
 3.866026237,1,1.626920569
 3.867319554,0,1.621919733
 3.867319554,1,1.621919733
 3.868612439,0,1.616918897
 3.868612439,1,1.616918897
 3.869904892,0,1.611918062
 3.869904892,1,1.611918062
 3.871196914,0,1.606917227
 3.871196914,1,1.606917227
 3.872488504,0,1.601916393
 3.872488504,1,1.601916393
 3.873779663,0,1.59691556
 3.873779663,1,1.59691556
 3.875070392,0,1.591914727
 3.875070392,1,1.591914727
 3.876360692,0,1.586913894
 3.876360692,1,1.586913894
 3.877650561,0,1.581913062
 3.877650561,1,1.581913062
 3.878940002,0,1.576912231
 3.878940002,1,1.576912231
 3.880229014,0,1.5719114
 3.880229014,1,1.5719114
 3.881517598,0,1.56691057
 3.881517598,1,1.56691057
 3.882805753,0,1.56190974
 3.882805753,1,1.56190974
 3.884093482,0,1.556908911
 3.884093482,1,1.556908911
 3.885380784,0,1.551908083
 3.885380784,1,1.551908083
 3.886667659,0,1.546907255
 3.886667659,1,1.546907255
 3.887954108,0,1.541906427
 3.887954108,1,1.541906427
 3.889240131,0,1.5369056
 3.889240131,1,1.5369056
 3.89052573,0,1.531904774
 3.89052573,1,1.531904774
 3.891810903,0,1.526903948
 3.891810903,1,1.526903948
 3.893095652,0,1.521903123
 3.893095652,1,1.521903123
 3.894379977,0,1.516902298
 3.894379977,1,1.516902298
 3.895663878,0,1.511901474
 3.895663878,1,1.511901474
 3.896947357,0,1.50690065
 3.896947357,1,1.50690065
 3.898230412,0,1.501899827
 3.898230412,1,1.501899827
 3.899513045,0,1.496899004
 3.899513045,1,1.496899004
 3.900795257,0,1.491898182
 3.900795257,1,1.491898182
 3.902077047,0,1.486897361
 3.902077047,1,1.486897361
 3.903358416,0,1.48189654
 3.903358416,1,1.48189654
 3.904639364,0,1.47689572
 3.904639364,1,1.47689572
 3.905919892,0,1.4718949
 3.905919892,1,1.4718949
 3.9072,0,1.46689408
 3.9072,1,1.46689408
 3.908479689,0,1.461893262
 3.908479689,1,1.461893262
 3.909758958,0,1.456892443
 3.909758958,1,1.456892443
 3.91103781,0,1.451891626
 3.91103781,1,1.451891626
 3.912316243,0,1.446890808
 3.912316243,1,1.446890808
 3.913594258,0,1.441889992
 3.913594258,1,1.441889992
 3.914871856,0,1.436889176
 3.914871856,1,1.436889176
 3.916149037,0,1.43188836
 3.916149037,1,1.43188836
 3.917425802,0,1.426887545
 3.917425802,1,1.426887545
 3.91870215,0,1.42188673
 3.91870215,1,1.42188673
 3.919978083,0,1.416885916
 3.919978083,1,1.416885916
 3.9212536,0,1.411885103
 3.9212536,1,1.411885103
 3.922528702,0,1.40688429
 3.922528702,1,1.40688429
 3.92380339,0,1.401883477
 3.92380339,1,1.401883477
 3.925077664,0,1.396882666
 3.925077664,1,1.396882666
 3.926351524,0,1.391881854
 3.926351524,1,1.391881854
 3.927624971,0,1.386881043
 3.927624971,1,1.386881043
 3.928898005,0,1.381880233
 3.928898005,1,1.381880233
 3.930170626,0,1.376879423
 3.930170626,1,1.376879423
 3.931442836,0,1.371878614
 3.931442836,1,1.371878614
 3.932714634,0,1.366877805
 3.932714634,1,1.366877805
 3.93398602,0,1.361876997
 3.93398602,1,1.361876997
 3.935256996,0,1.356876189
 3.935256996,1,1.356876189
 3.936527561,0,1.351875382
 3.936527561,1,1.351875382
 3.937797716,0,1.346874576
 3.937797716,1,1.346874576
 3.939067461,0,1.341873769
 3.939067461,1,1.341873769
 3.940336797,0,1.336872964
 3.940336797,1,1.336872964
 3.941605724,0,1.331872159
 3.941605724,1,1.331872159
 3.942874242,0,1.326871354
 3.942874242,1,1.326871354
 3.944142353,0,1.32187055
 3.944142353,1,1.32187055
 3.945410056,0,1.316869747
 3.945410056,1,1.316869747
 3.946677351,0,1.311868944
 3.946677351,1,1.311868944
 3.947944239,0,1.306868141
 3.947944239,1,1.306868141
 3.949210721,0,1.301867339
 3.949210721,1,1.301867339
 3.950476797,0,1.296866538
 3.950476797,1,1.296866538
 3.951742467,0,1.291865737
 3.951742467,1,1.291865737
 3.953007732,0,1.286864936
 3.953007732,1,1.286864936
 3.954272591,0,1.281864136
 3.954272591,1,1.281864136
 3.955537046,0,1.276863337
 3.955537046,1,1.276863337
 3.956801097,0,1.271862538
 3.956801097,1,1.271862538
 3.958064744,0,1.26686174
 3.958064744,1,1.26686174
 3.959327988,0,1.261860942
 3.959327988,1,1.261860942
 3.960590829,0,1.256860144
 3.960590829,1,1.256860144
 3.961853266,0,1.251859347
 3.961853266,1,1.251859347
 3.963115302,0,1.246858551
 3.963115302,1,1.246858551
 3.964376936,0,1.241857755
 3.964376936,1,1.241857755
 3.965638168,0,1.23685696
 3.965638168,1,1.23685696
 3.966898999,0,1.231856165
 3.966898999,1,1.231856165
 3.96815943,0,1.226855371
 3.96815943,1,1.226855371
 3.96941946,0,1.221854577
 3.96941946,1,1.221854577
 3.97067909,0,1.216853783
 3.97067909,1,1.216853783
 3.97193832,0,1.211852991
 3.97193832,1,1.211852991
 3.973197151,0,1.206852198
 3.973197151,1,1.206852198
 3.974455584,0,1.201851406
 3.974455584,1,1.201851406
 3.975713618,0,1.196850615
 3.975713618,1,1.196850615
 3.976971254,0,1.191849824
 3.976971254,1,1.191849824
 3.978228492,0,1.186849034
 3.978228492,1,1.186849034
 3.979485333,0,1.181848244
 3.979485333,1,1.181848244
 3.980741776,0,1.176847455
 3.980741776,1,1.176847455
 3.981997824,0,1.171846666
 3.981997824,1,1.171846666
 3.983253475,0,1.166845878
 3.983253475,1,1.166845878
 3.98450873,0,1.16184509
 3.98450873,1,1.16184509
 3.98576359,0,1.156844303
 3.98576359,1,1.156844303
 3.987018055,0,1.151843516
 3.987018055,1,1.151843516
 3.988272125,0,1.146842729
 3.988272125,1,1.146842729
 3.989525801,0,1.141841944
 3.989525801,1,1.141841944
 3.990779082,0,1.136841158
 3.990779082,1,1.136841158
 3.99203197,0,1.131840373
 3.99203197,1,1.131840373
 3.993284465,0,1.126839589
 3.993284465,1,1.126839589
 3.994536568,0,1.121838805
 3.994536568,1,1.121838805
 3.995788277,0,1.116838022
 3.995788277,1,1.116838022
 3.997039595,0,1.111837239
 3.997039595,1,1.111837239
 3.998290521,0,1.106836456
 3.998290521,1,1.106836456
 3.999541055,0,1.101835674
 3.999541055,1,1.101835674
 4.000791199,0,1.096834893
 4.000791199,1,1.096834893
 4.002040951,0,1.091834112
 4.002040951,1,1.091834112
 4.003290314,0,1.086833332
 4.003290314,1,1.086833332
 4.004539286,0,1.081832552
 4.004539286,1,1.081832552
 4.00578787,0,1.076831772
 4.00578787,1,1.076831772
 4.007036063,0,1.071830993
 4.007036063,1,1.071830993
 4.008283869,0,1.066830215
 4.008283869,1,1.066830215
 4.009531285,0,1.061829437
 4.009531285,1,1.061829437
 4.010778314,0,1.056828659
 4.010778314,1,1.056828659
 4.012024955,0,1.051827882
 4.012024955,1,1.051827882
 4.013271208,0,1.046827105
 4.013271208,1,1.046827105
 4.014517074,0,1.041826329
 4.014517074,1,1.041826329
 4.015762554,0,1.036825554
 4.015762554,1,1.036825554
 4.017007648,0,1.031824779
 4.017007648,1,1.031824779
 4.018252355,0,1.026824004
 4.018252355,1,1.026824004
 4.019496677,0,1.02182323
 4.019496677,1,1.02182323
 4.020740614,0,1.016822456
 4.020740614,1,1.016822456
 4.021984166,0,1.011821683
 4.021984166,1,1.011821683
 4.023227334,0,1.00682091
 4.023227334,1,1.00682091
 4.024470117,0,1.001820138
 4.024470117,1,1.001820138
 4.025712517,0,0.9968193661
 4.025712517,1,0.9968193661
 4.026954533,0,0.9918185948
 4.026954533,1,0.9918185948
 4.028196166,0,0.986817824
 4.028196166,1,0.986817824
 4.029437416,0,0.9818170537
 4.029437416,1,0.9818170537
 4.030678284,0,0.9768162838
 4.030678284,1,0.9768162838
 4.03191877,0,0.9718155144
 4.03191877,1,0.9718155144
 4.033158875,0,0.9668147455
 4.033158875,1,0.9668147455
 4.034398598,0,0.961813977
 4.034398598,1,0.961813977
 4.03563794,0,0.956813209
 4.03563794,1,0.956813209
 4.036876901,0,0.9518124415
 4.036876901,1,0.9518124415
 4.038115483,0,0.9468116745
 4.038115483,1,0.9468116745
 4.039353684,0,0.9418109079
 4.039353684,1,0.9418109079
 4.040591506,0,0.9368101418
 4.040591506,1,0.9368101418
 4.041828948,0,0.9318093762
 4.041828948,1,0.9318093762
 4.043066012,0,0.926808611
 4.043066012,1,0.926808611
 4.044302697,0,0.9218078463
 4.044302697,1,0.9218078463
 4.045539004,0,0.9168070821
 4.045539004,1,0.9168070821
 4.046774934,0,0.9118063183
 4.046774934,1,0.9118063183
 4.048010485,0,0.906805555
 4.048010485,1,0.906805555
 4.04924566,0,0.9018047922
 4.04924566,1,0.9018047922
 4.050480458,0,0.8968040298
 4.050480458,1,0.8968040298
 4.051714879,0,0.8918032679
 4.051714879,1,0.8918032679
 4.052948925,0,0.8868025065
 4.052948925,1,0.8868025065
 4.054182594,0,0.8818017455
 4.054182594,1,0.8818017455
 4.055415889,0,0.876800985
 4.055415889,1,0.876800985
 4.056648808,0,0.871800225
 4.056648808,1,0.871800225
 4.057881352,0,0.8667994654
 4.057881352,1,0.8667994654
 4.059113522,0,0.8617987063
 4.059113522,1,0.8617987063
 4.060345318,0,0.8567979476
 4.060345318,1,0.8567979476
 4.061576741,0,0.8517971894
 4.061576741,1,0.8517971894
 4.06280779,0,0.8467964317
 4.06280779,1,0.8467964317
 4.064038466,0,0.8417956744
 4.064038466,1,0.8417956744
 4.065268769,0,0.8367949176
 4.065268769,1,0.8367949176
 4.0664987,0,0.8317941612
 4.0664987,1,0.8317941612
 4.067728259,0,0.8267934053
 4.067728259,1,0.8267934053
 4.068957446,0,0.8217926498
 4.068957446,1,0.8217926498
 4.070186262,0,0.8167918948
 4.070186262,1,0.8167918948
 4.071414707,0,0.8117911403
 4.071414707,1,0.8117911403
 4.072642782,0,0.8067903862
 4.072642782,1,0.8067903862
 4.073870486,0,0.8017896326
 4.073870486,1,0.8017896326
 4.07509782,0,0.7967888794
 4.07509782,1,0.7967888794
 4.076324784,0,0.7917881267
 4.076324784,1,0.7917881267
 4.077551379,0,0.7867873744
 4.077551379,1,0.7867873744
 4.078777605,0,0.7817866226
 4.078777605,1,0.7817866226
 4.080003463,0,0.7767858712
 4.080003463,1,0.7767858712
 4.081228952,0,0.7717851203
 4.081228952,1,0.7717851203
 4.082454073,0,0.7667843699
 4.082454073,1,0.7667843699
 4.083678827,0,0.7617836199
 4.083678827,1,0.7617836199
 4.084903213,0,0.7567828703
 4.084903213,1,0.7567828703
 4.086127232,0,0.7517821212
 4.086127232,1,0.7517821212
 4.087350885,0,0.7467813725
 4.087350885,1,0.7467813725
 4.088574171,0,0.7417806243
 4.088574171,1,0.7417806243
 4.089797091,0,0.7367798765
 4.089797091,1,0.7367798765
 4.091019646,0,0.7317791292
 4.091019646,1,0.7317791292
 4.092241835,0,0.7267783824
 4.092241835,1,0.7267783824
 4.093463659,0,0.7217776359
 4.093463659,1,0.7217776359
 4.094685119,0,0.7167768899
 4.094685119,1,0.7167768899
 4.095906214,0,0.7117761444
 4.095906214,1,0.7117761444
 4.097126945,0,0.7067753993
 4.097126945,1,0.7067753993
 4.098347312,0,0.7017746547
 4.098347312,1,0.7017746547
 4.099567316,0,0.6967739105
 4.099567316,1,0.6967739105
 4.100786957,0,0.6917731667
 4.100786957,1,0.6917731667
 4.102006235,0,0.6867724234
 4.102006235,1,0.6867724234
 4.103225151,0,0.6817716805
 4.103225151,1,0.6817716805
 4.104443705,0,0.6767709381
 4.104443705,1,0.6767709381
 4.105661896,0,0.6717701961
 4.105661896,1,0.6717701961
 4.106879727,0,0.6667694545
 4.106879727,1,0.6667694545
 4.108097196,0,0.6617687134
 4.108097196,1,0.6617687134
 4.109314305,0,0.6567679727
 4.109314305,1,0.6567679727
 4.110531053,0,0.6517672325
 4.110531053,1,0.6517672325
 4.111747441,0,0.6467664927
 4.111747441,1,0.6467664927
 4.112963469,0,0.6417657533
 4.112963469,1,0.6417657533
 4.114179137,0,0.6367650144
 4.114179137,1,0.6367650144
 4.115394446,0,0.6317642759
 4.115394446,1,0.6317642759
 4.116609397,0,0.6267635379
 4.116609397,1,0.6267635379
 4.117823988,0,0.6217628002
 4.117823988,1,0.6217628002
 4.119038222,0,0.6167620631
 4.119038222,1,0.6167620631
 4.120252098,0,0.6117613263
 4.120252098,1,0.6117613263
 4.121465616,0,0.60676059
 4.121465616,1,0.60676059
 4.122678776,0,0.6017598541
 4.122678776,1,0.6017598541
 4.12389158,0,0.5967591187
 4.12389158,1,0.5967591187
 4.125104027,0,0.5917583837
 4.125104027,1,0.5917583837
 4.126316118,0,0.5867576491
 4.126316118,1,0.5867576491
 4.127527852,0,0.5817569149
 4.127527852,1,0.5817569149
 4.128739231,0,0.5767561812
 4.128739231,1,0.5767561812
 4.129950254,0,0.5717554479
 4.129950254,1,0.5717554479
 4.131160923,0,0.5667547151
 4.131160923,1,0.5667547151
 4.132371236,0,0.5617539826
 4.132371236,1,0.5617539826
 4.133581195,0,0.5567532506
 4.133581195,1,0.5567532506
 4.1347908,0,0.5517525191
 4.1347908,1,0.5517525191
 4.136000051,0,0.5467517879
 4.136000051,1,0.5467517879
 4.137208949,0,0.5417510572
 4.137208949,1,0.5417510572
 4.138417493,0,0.5367503269
 4.138417493,1,0.5367503269
 4.139625684,0,0.531749597
 4.139625684,1,0.531749597
 4.140833523,0,0.5267488676
 4.140833523,1,0.5267488676
 4.142041009,0,0.5217481386
 4.142041009,1,0.5217481386
 4.143248144,0,0.51674741
 4.143248144,1,0.51674741
 4.144454926,0,0.5117466818
 4.144454926,1,0.5117466818
 4.145661358,0,0.5067459541
 4.145661358,1,0.5067459541
 4.146867438,0,0.5017452268
 4.146867438,1,0.5017452268
 4.148073167,0,0.4967444999
 4.148073167,1,0.4967444999
 4.149278546,0,0.4917437734
 4.149278546,1,0.4917437734
 4.150483575,0,0.4867430474
 4.150483575,1,0.4867430474
 4.151688254,0,0.4817423218
 4.151688254,1,0.4817423218
 4.152892583,0,0.4767415966
 4.152892583,1,0.4767415966
 4.154096563,0,0.4717408718
 4.154096563,1,0.4717408718
 4.155300194,0,0.4667401474
 4.155300194,1,0.4667401474
 4.156503477,0,0.4617394235
 4.156503477,1,0.4617394235
 4.157706411,0,0.4567386999
 4.157706411,1,0.4567386999
 4.158908997,0,0.4517379768
 4.158908997,1,0.4517379768
 4.160111235,0,0.4467372541
 4.160111235,1,0.4467372541
 4.161313126,0,0.4417365319
 4.161313126,1,0.4417365319
 4.16251467,0,0.43673581
 4.16251467,1,0.43673581
 4.163715867,0,0.4317350886
 4.163715867,1,0.4317350886
 4.164916718,0,0.4267343676
 4.164916718,1,0.4267343676
 4.166117222,0,0.421733647
 4.166117222,1,0.421733647
 4.16731738,0,0.4167329268
 4.16731738,1,0.4167329268
 4.168517193,0,0.411732207
 4.168517193,1,0.411732207
 4.16971666,0,0.4067314876
 4.16971666,1,0.4067314876
 4.170915782,0,0.4017307687
 4.170915782,1,0.4017307687
 4.17211456,0,0.3967300501
 4.17211456,1,0.3967300501
 4.173312993,0,0.391729332
 4.173312993,1,0.391729332
 4.174511082,0,0.3867286143
 4.174511082,1,0.3867286143
 4.175708827,0,0.381727897
 4.175708827,1,0.381727897
 4.176906228,0,0.3767271801
 4.176906228,1,0.3767271801
 4.178103287,0,0.3717264637
 4.178103287,1,0.3717264637
 4.179300002,0,0.3667257476
 4.179300002,1,0.3667257476
 4.180496374,0,0.3617250319
 4.180496374,1,0.3617250319
 4.181692405,0,0.3567243167
 4.181692405,1,0.3567243167
 4.182888093,0,0.3517236019
 4.182888093,1,0.3517236019
 4.184083439,0,0.3467228874
 4.184083439,1,0.3467228874
 4.185278444,0,0.3417221734
 4.185278444,1,0.3417221734
 4.186473108,0,0.3367214598
 4.186473108,1,0.3367214598
 4.18766743,0,0.3317207466
 4.18766743,1,0.3317207466
 4.188861412,0,0.3267200338
 4.188861412,1,0.3267200338
 4.190055054,0,0.3217193214
 4.190055054,1,0.3217193214
 4.191248356,0,0.3167186094
 4.191248356,1,0.3167186094
 4.192441318,0,0.3117178979
 4.192441318,1,0.3117178979
 4.19363394,0,0.3067171867
 4.19363394,1,0.3067171867
 4.194826224,0,0.3017164759
 4.194826224,1,0.3017164759
 4.196018168,0,0.2967157655
 4.196018168,1,0.2967157655
 4.197209774,0,0.2917150556
 4.197209774,1,0.2917150556
 4.198401042,0,0.286714346
 4.198401042,1,0.286714346
 4.199591971,0,0.2817136369
 4.199591971,1,0.2817136369
 4.200782563,0,0.2767129281
 4.200782563,1,0.2767129281
 4.201972818,0,0.2717122198
 4.201972818,1,0.2717122198
 4.203162735,0,0.2667115118
 4.203162735,1,0.2667115118
 4.204352315,0,0.2617108043
 4.204352315,1,0.2617108043
 4.205541559,0,0.2567100971
 4.205541559,1,0.2567100971
 4.206730467,0,0.2517093904
 4.206730467,1,0.2517093904
 4.207919038,0,0.246708684
 4.207919038,1,0.246708684
 4.209107274,0,0.2417079781
 4.209107274,1,0.2417079781
 4.210295174,0,0.2367072725
 4.210295174,1,0.2367072725
 4.21148274,0,0.2317065673
 4.21148274,1,0.2317065673
 4.21266997,0,0.2267058626
 4.21266997,1,0.2267058626
 4.213856866,0,0.2217051582
 4.213856866,1,0.2217051582
 4.215043427,0,0.2167044543
 4.215043427,1,0.2167044543
 4.216229654,0,0.2117037507
 4.216229654,1,0.2117037507
 4.217415548,0,0.2067030475
 4.217415548,1,0.2067030475
 4.218601108,0,0.2017023447
 4.218601108,1,0.2017023447
 4.219786335,0,0.1967016424
 4.219786335,1,0.1967016424
 4.220971229,0,0.1917009404
 4.220971229,1,0.1917009404
 4.222155791,0,0.1867002388
 4.222155791,1,0.1867002388
 4.22334002,0,0.1816995376
 4.22334002,1,0.1816995376
 4.224523917,0,0.1766988368
 4.224523917,1,0.1766988368
 4.225707482,0,0.1716981364
 4.225707482,1,0.1716981364
 4.226890716,0,0.1666974363
 4.226890716,1,0.1666974363
 4.228073619,0,0.1616967367
 4.228073619,1,0.1616967367
 4.229256191,0,0.1566960375
 4.229256191,1,0.1566960375
 4.230438432,0,0.1516953386
 4.230438432,1,0.1516953386
 4.231620342,0,0.1466946402
 4.231620342,1,0.1466946402
 4.232801923,0,0.1416939421
 4.232801923,1,0.1416939421
 4.233983173,0,0.1366932444
 4.233983173,1,0.1366932444
 4.235164094,0,0.1316925471
 4.235164094,1,0.1316925471
 4.236344686,0,0.1266918502
 4.236344686,1,0.1266918502
 4.237524949,0,0.1216911537
 4.237524949,1,0.1216911537
 4.238704883,0,0.1166904576
 4.238704883,1,0.1166904576
 4.239884489,0,0.1116897619
 4.239884489,1,0.1116897619
 4.241063766,0,0.1066890665
 4.241063766,1,0.1066890665
 4.242242715,0,0.1016883716
 4.242242715,1,0.1016883716
 4.243421337,0,0.096687677
 4.243421337,1,0.096687677
 4.244599632,0,0.09168698281
 4.244599632,1,0.09168698281
 4.245777599,0,0.086686289
 4.245777599,1,0.086686289
 4.24695524,0,0.08168559559
 4.24695524,1,0.08168559559
 4.248132554,0,0.07668490255
 4.248132554,1,0.07668490255
 4.249309542,0,0.0716842099
 4.249309542,1,0.0716842099
 4.250486203,0,0.06668351764
 4.250486203,1,0.06668351764
 4.251662539,0,0.06168282575
 4.251662539,1,0.06168282575
 4.25283855,0,0.05668213425
 4.25283855,1,0.05668213425
 4.254014235,0,0.05168144313
 4.254014235,1,0.05168144313
 4.255189596,0,0.0466807524
 4.255189596,1,0.0466807524
 4.256364631,0,0.04168006204
 4.256364631,1,0.04168006204
 4.257539343,0,0.03667937207
 4.257539343,1,0.03667937207
 4.25871373,0,0.03167868248
 4.25871373,1,0.03167868248
 4.259887794,0,0.02667799326
 4.259887794,1,0.02667799326
 4.261061533,0,0.02167730443
 4.261061533,1,0.02167730443
 4.26223495,0,0.01667661598
 4.26223495,1,0.01667661598
 4.263408043,0,0.0116759279
 4.263408043,1,0.0116759279
 4.264580814,0,0.006675240209
 4.264580814,1,0.006675240209
 4.265753262,0,0.001674552892
 4.265753262,1,0.001674552892
 4.266925388,0,1.996673866
 4.266925388,1,1.996673866
 4.268097192,0,1.991673179
 4.268097192,1,1.991673179
 4.269268674,0,1.986672493
 4.269268674,1,1.986672493
 4.270439835,0,1.981671807
 4.270439835,1,1.981671807
 4.271610675,0,1.976671122
 4.271610675,1,1.976671122
 4.272781193,0,1.971670437
 4.272781193,1,1.971670437
 4.273951391,0,1.966669752
 4.273951391,1,1.966669752
 4.275121269,0,1.961669068
 4.275121269,1,1.961669068
 4.276290826,0,1.956668384
 4.276290826,1,1.956668384
 4.277460064,0,1.9516677
 4.277460064,1,1.9516677
 4.278628982,0,1.946667017
 4.278628982,1,1.946667017
 4.279797581,0,1.941666334
 4.279797581,1,1.941666334
 4.28096586,0,1.936665652
 4.28096586,1,1.936665652
 4.282133821,0,1.93166497
 4.282133821,1,1.93166497
 4.283301463,0,1.926664288
 4.283301463,1,1.926664288
 4.284468787,0,1.921663607
 4.284468787,1,1.921663607
 4.285635793,0,1.916662926
 4.285635793,1,1.916662926
 4.286802481,0,1.911662245
 4.286802481,1,1.911662245
 4.287968851,0,1.906661565
 4.287968851,1,1.906661565
 4.289134905,0,1.901660885
 4.289134905,1,1.901660885
 4.290300641,0,1.896660206
 4.290300641,1,1.896660206
 4.29146606,0,1.891659527
 4.29146606,1,1.891659527
 4.292631163,0,1.886658848
 4.292631163,1,1.886658848
 4.29379595,0,1.88165817
 4.29379595,1,1.88165817
 4.294960421,0,1.876657492
 4.294960421,1,1.876657492
 4.296124576,0,1.871656814
 4.296124576,1,1.871656814
 4.297288416,0,1.866656137
 4.297288416,1,1.866656137
 4.29845194,0,1.86165546
 4.29845194,1,1.86165546
 4.299615149,0,1.856654783
 4.299615149,1,1.856654783
 4.300778044,0,1.851654107
 4.300778044,1,1.851654107
 4.301940625,0,1.846653431
 4.301940625,1,1.846653431
 4.303102891,0,1.841652756
 4.303102891,1,1.841652756
 4.304264843,0,1.836652081
 4.304264843,1,1.836652081
 4.305426482,0,1.831651406
 4.305426482,1,1.831651406
 4.306587807,0,1.826650732
 4.306587807,1,1.826650732
 4.307748819,0,1.821650058
 4.307748819,1,1.821650058
 4.308909518,0,1.816649384
 4.308909518,1,1.816649384
 4.310069904,0,1.811648711
 4.310069904,1,1.811648711
 4.311229978,0,1.806648038
 4.311229978,1,1.806648038
 4.31238974,0,1.801647366
 4.31238974,1,1.801647366
 4.31354919,0,1.796646693
 4.31354919,1,1.796646693
 4.314708328,0,1.791646022
 4.314708328,1,1.791646022
 4.315867155,0,1.78664535
 4.315867155,1,1.78664535
 4.317025671,0,1.781644679
 4.317025671,1,1.781644679
 4.318183876,0,1.776644008
 4.318183876,1,1.776644008
 4.31934177,0,1.771643338
 4.31934177,1,1.771643338
 4.320499354,0,1.766642668
 4.320499354,1,1.766642668
 4.321656627,0,1.761641998
 4.321656627,1,1.761641998
 4.322813591,0,1.756641329
 4.322813591,1,1.756641329
 4.323970245,0,1.75164066
 4.323970245,1,1.75164066
 4.32512659,0,1.746639992
 4.32512659,1,1.746639992
 4.326282625,0,1.741639323
 4.326282625,1,1.741639323
 4.327438352,0,1.736638656
 4.327438352,1,1.736638656
 4.32859377,0,1.731637988
 4.32859377,1,1.731637988
 4.329748879,0,1.726637321
 4.329748879,1,1.726637321
 4.330903681,0,1.721636654
 4.330903681,1,1.721636654
 4.332058174,0,1.716635988
 4.332058174,1,1.716635988
 4.33321236,0,1.711635322
 4.33321236,1,1.711635322
 4.334366238,0,1.706634656
 4.334366238,1,1.706634656
 4.33551981,0,1.701633991
 4.33551981,1,1.701633991
 4.336673074,0,1.696633326
 4.336673074,1,1.696633326
 4.337826031,0,1.691632661
 4.337826031,1,1.691632661
 4.338978682,0,1.686631997
 4.338978682,1,1.686631997
 4.340131027,0,1.681631333
 4.340131027,1,1.681631333
 4.341283066,0,1.676630669
 4.341283066,1,1.676630669
 4.3424348,0,1.671630006
 4.3424348,1,1.671630006
 4.343586227,0,1.666629343
 4.343586227,1,1.666629343
 4.34473735,0,1.66162868
 4.34473735,1,1.66162868
 4.345888167,0,1.656628018
 4.345888167,1,1.656628018
 4.34703868,0,1.651627356
 4.34703868,1,1.651627356
 4.348188889,0,1.646626695
 4.348188889,1,1.646626695
 4.349338793,0,1.641626034
 4.349338793,1,1.641626034
 4.350488393,0,1.636625373
 4.350488393,1,1.636625373
 4.351637689,0,1.631624712
 4.351637689,1,1.631624712
 4.352786682,0,1.626624052
 4.352786682,1,1.626624052
 4.353935371,0,1.621623393
 4.353935371,1,1.621623393
 4.355083757,0,1.616622733
 4.355083757,1,1.616622733
 4.356231841,0,1.611622074
 4.356231841,1,1.611622074
 4.357379622,0,1.606621416
 4.357379622,1,1.606621416
 4.3585271,0,1.601620757
 4.3585271,1,1.601620757
 4.359674277,0,1.596620099
 4.359674277,1,1.596620099
 4.360821152,0,1.591619441
 4.360821152,1,1.591619441
 4.361967725,0,1.586618784
 4.361967725,1,1.586618784
 4.363113996,0,1.581618127
 4.363113996,1,1.581618127
 4.364259967,0,1.576617471
 4.364259967,1,1.576617471
 4.365405637,0,1.571616814
 4.365405637,1,1.571616814
 4.366551005,0,1.566616158
 4.366551005,1,1.566616158
 4.367696074,0,1.561615503
 4.367696074,1,1.561615503
 4.368840842,0,1.556614848
 4.368840842,1,1.556614848
 4.369985311,0,1.551614193
 4.369985311,1,1.551614193
 4.371129479,0,1.546613538
 4.371129479,1,1.546613538
 4.372273348,0,1.541612884
 4.372273348,1,1.541612884
 4.373416918,0,1.53661223
 4.373416918,1,1.53661223
 4.374560189,0,1.531611576
 4.374560189,1,1.531611576
 4.375703161,0,1.526610923
 4.375703161,1,1.526610923
 4.376845835,0,1.52161027
 4.376845835,1,1.52161027
 4.37798821,0,1.516609618
 4.37798821,1,1.516609618
 4.379130287,0,1.511608966
 4.379130287,1,1.511608966
 4.380272066,0,1.506608314
 4.380272066,1,1.506608314
 4.381413548,0,1.501607662
 4.381413548,1,1.501607662
 4.382554732,0,1.496607011
 4.382554732,1,1.496607011
 4.383695619,0,1.49160636
 4.383695619,1,1.49160636
 4.384836209,0,1.48660571
 4.384836209,1,1.48660571
 4.385976502,0,1.48160506
 4.385976502,1,1.48160506
 4.387116499,0,1.47660441
 4.387116499,1,1.47660441
 4.3882562,0,1.471603761
 4.3882562,1,1.471603761
 4.389395605,0,1.466603111
 4.389395605,1,1.466603111
 4.390534714,0,1.461602463
 4.390534714,1,1.461602463
 4.391673527,0,1.456601814
 4.391673527,1,1.456601814
 4.392812046,0,1.451601166
 4.392812046,1,1.451601166
 4.393950269,0,1.446600518
 4.393950269,1,1.446600518
 4.395088197,0,1.441599871
 4.395088197,1,1.441599871
 4.39622583,0,1.436599224
 4.39622583,1,1.436599224
 4.39736317,0,1.431598577
 4.39736317,1,1.431598577
 4.398500215,0,1.426597931
 4.398500215,1,1.426597931
 4.399636966,0,1.421597284
 4.399636966,1,1.421597284
 4.400773423,0,1.416596639
 4.400773423,1,1.416596639
 4.401909587,0,1.411595993
 4.401909587,1,1.411595993
 4.403045458,0,1.406595348
 4.403045458,1,1.406595348
 4.404181035,0,1.401594703
 4.404181035,1,1.401594703
 4.40531632,0,1.396594059
 4.40531632,1,1.396594059
 4.406451313,0,1.391593415
 4.406451313,1,1.391593415
 4.407586013,0,1.386592771
 4.407586013,1,1.386592771
 4.40872042,0,1.381592128
 4.40872042,1,1.381592128
 4.409854536,0,1.376591485
 4.409854536,1,1.376591485
 4.410988361,0,1.371590842
 4.410988361,1,1.371590842
 4.412121893,0,1.366590199
 4.412121893,1,1.366590199
 4.413255135,0,1.361589557
 4.413255135,1,1.361589557
 4.414388085,0,1.356588915
 4.414388085,1,1.356588915
 4.415520745,0,1.351588274
 4.415520745,1,1.351588274
 4.416653115,0,1.346587633
 4.416653115,1,1.346587633
 4.417785194,0,1.341586992
 4.417785194,1,1.341586992
 4.418916982,0,1.336586352
 4.418916982,1,1.336586352
 4.420048481,0,1.331585711
 4.420048481,1,1.331585711
 4.421179691,0,1.326585072
 4.421179691,1,1.326585072
 4.422310611,0,1.321584432
 4.422310611,1,1.321584432
 4.423441241,0,1.316583793
 4.423441241,1,1.316583793
 4.424571583,0,1.311583154
 4.424571583,1,1.311583154
 4.425701636,0,1.306582516
 4.425701636,1,1.306582516
 4.4268314,0,1.301581877
 4.4268314,1,1.301581877
 4.427960876,0,1.29658124
 4.427960876,1,1.29658124
 4.429090064,0,1.291580602
 4.429090064,1,1.291580602
 4.430218964,0,1.286579965
 4.430218964,1,1.286579965
 4.431347577,0,1.281579328
 4.431347577,1,1.281579328
 4.432475901,0,1.276578691
 4.432475901,1,1.276578691
 4.433603939,0,1.271578055
 4.433603939,1,1.271578055
 4.43473169,0,1.266577419
 4.43473169,1,1.266577419
 4.435859154,0,1.261576784
 4.435859154,1,1.261576784
 4.436986331,0,1.256576148
 4.436986331,1,1.256576148
 4.438113222,0,1.251575513
 4.438113222,1,1.251575513
 4.439239827,0,1.246574879
 4.439239827,1,1.246574879
 4.440366146,0,1.241574245
 4.440366146,1,1.241574245
 4.441492179,0,1.236573611
 4.441492179,1,1.236573611
 4.442617927,0,1.231572977
 4.442617927,1,1.231572977
 4.44374339,0,1.226572344
 4.44374339,1,1.226572344
 4.444868567,0,1.221571711
 4.444868567,1,1.221571711
 4.44599346,0,1.216571078
 4.44599346,1,1.216571078
 4.447118068,0,1.211570445
 4.447118068,1,1.211570445
 4.448242391,0,1.206569813
 4.448242391,1,1.206569813
 4.449366431,0,1.201569182
 4.449366431,1,1.201569182
 4.450490186,0,1.19656855
 4.450490186,1,1.19656855
 4.451613658,0,1.191567919
 4.451613658,1,1.191567919
 4.452736846,0,1.186567288
 4.452736846,1,1.186567288
 4.453859751,0,1.181566658
 4.453859751,1,1.181566658
 4.454982373,0,1.176566028
 4.454982373,1,1.176566028
 4.456104712,0,1.171565398
 4.456104712,1,1.171565398
 4.457226768,0,1.166564768
 4.457226768,1,1.166564768
 4.458348542,0,1.161564139
 4.458348542,1,1.161564139
 4.459470033,0,1.15656351
 4.459470033,1,1.15656351
 4.460591243,0,1.151562882
 4.460591243,1,1.151562882
 4.461712171,0,1.146562254
 4.461712171,1,1.146562254
 4.462832817,0,1.141561626
 4.462832817,1,1.141561626
 4.463953181,0,1.136560998
 4.463953181,1,1.136560998
 4.465073265,0,1.131560371
 4.465073265,1,1.131560371
 4.466193067,0,1.126559744
 4.466193067,1,1.126559744
 4.467312589,0,1.121559117
 4.467312589,1,1.121559117
 4.46843183,0,1.116558491
 4.46843183,1,1.116558491
 4.469550791,0,1.111557865
 4.469550791,1,1.111557865
 4.470669471,0,1.106557239
 4.470669471,1,1.106557239
 4.471787872,0,1.101556614
 4.471787872,1,1.101556614
 4.472905993,0,1.096555989
 4.472905993,1,1.096555989
 4.474023835,0,1.091555364
 4.474023835,1,1.091555364
 4.475141397,0,1.086554739
 4.475141397,1,1.086554739
 4.47625868,0,1.081554115
 4.47625868,1,1.081554115
 4.477375684,0,1.076553491
 4.477375684,1,1.076553491
 4.47849241,0,1.071552868
 4.47849241,1,1.071552868
 4.479608857,0,1.066552244
 4.479608857,1,1.066552244
 4.480725026,0,1.061551622
 4.480725026,1,1.061551622
 4.481840917,0,1.056550999
 4.481840917,1,1.056550999
 4.48295653,0,1.051550377
 4.48295653,1,1.051550377
 4.484071865,0,1.046549755
 4.484071865,1,1.046549755
 4.485186923,0,1.041549133
 4.485186923,1,1.041549133
 4.486301704,0,1.036548512
 4.486301704,1,1.036548512
 4.487416207,0,1.031547891
 4.487416207,1,1.031547891
 4.488530434,0,1.02654727
 4.488530434,1,1.02654727
 4.489644385,0,1.021546649
 4.489644385,1,1.021546649
 4.490758059,0,1.016546029
 4.490758059,1,1.016546029
 4.491871456,0,1.011545409
 4.491871456,1,1.011545409
 4.492984578,0,1.00654479
 4.492984578,1,1.00654479
 4.494097424,0,1.001544171
 4.494097424,1,1.001544171
 4.495209995,0,0.9965435518
 4.495209995,1,0.9965435518
 4.49632229,0,0.9915429332
 4.49632229,1,0.9915429332
 4.49743431,0,0.9865423149
 4.49743431,1,0.9865423149
 4.498546055,0,0.9815416969
 4.498546055,1,0.9815416969
 4.499657525,0,0.9765410792
 4.499657525,1,0.9765410792
 4.500768721,0,0.9715404618
 4.500768721,1,0.9715404618
 4.501879642,0,0.9665398448
 4.501879642,1,0.9665398448
 4.502990289,0,0.961539228
 4.502990289,1,0.961539228
 4.504100662,0,0.9565386115
 4.504100662,1,0.9565386115
 4.505210762,0,0.9515379954
 4.505210762,1,0.9515379954
 4.506320588,0,0.9465373795
 4.506320588,1,0.9465373795
 4.507430141,0,0.941536764
 4.507430141,1,0.941536764
 4.50853942,0,0.9365361487
 4.50853942,1,0.9365361487
 4.509648427,0,0.9315355338
 4.509648427,1,0.9315355338
 4.510757161,0,0.9265349191
 4.510757161,1,0.9265349191
 4.511865622,0,0.9215343048
 4.511865622,1,0.9215343048
 4.512973811,0,0.9165336907
 4.512973811,1,0.9165336907
 4.514081728,0,0.911533077
 4.514081728,1,0.911533077
 4.515189373,0,0.9065324636
 4.515189373,1,0.9065324636
 4.516296746,0,0.9015318504
 4.516296746,1,0.9015318504
 4.517403848,0,0.8965312376
 4.517403848,1,0.8965312376
 4.518510678,0,0.8915306251
 4.518510678,1,0.8915306251
 4.519617238,0,0.8865300128
 4.519617238,1,0.8865300128
 4.520723526,0,0.8815294009
 4.520723526,1,0.8815294009
 4.521829544,0,0.8765287892
 4.521829544,1,0.8765287892
 4.522935291,0,0.8715281779
 4.522935291,1,0.8715281779
 4.524040768,0,0.8665275669
 4.524040768,1,0.8665275669
 4.525145974,0,0.8615269561
 4.525145974,1,0.8615269561
 4.526250911,0,0.8565263457
 4.526250911,1,0.8565263457
 4.527355578,0,0.8515257355
 4.527355578,1,0.8515257355
 4.528459975,0,0.8465251257
 4.528459975,1,0.8465251257
 4.529564104,0,0.8415245161
 4.529564104,1,0.8415245161
 4.530667962,0,0.8365239069
 4.530667962,1,0.8365239069
 4.531771553,0,0.8315232979
 4.531771553,1,0.8315232979
 4.532874874,0,0.8265226893
 4.532874874,1,0.8265226893
 4.533977927,0,0.8215220809
 4.533977927,1,0.8215220809
 4.535080711,0,0.8165214728
 4.535080711,1,0.8165214728
 4.536183227,0,0.8115208651
 4.536183227,1,0.8115208651
 4.537285475,0,0.8065202576
 4.537285475,1,0.8065202576
 4.538387456,0,0.8015196504
 4.538387456,1,0.8015196504
 4.539489169,0,0.7965190435
 4.539489169,1,0.7965190435
 4.540590614,0,0.7915184369
 4.540590614,1,0.7915184369
 4.541691793,0,0.7865178306
 4.541691793,1,0.7865178306
 4.542792704,0,0.7815172246
 4.542792704,1,0.7815172246
 4.543893348,0,0.7765166189
 4.543893348,1,0.7765166189
 4.544993726,0,0.7715160135
 4.544993726,1,0.7715160135
 4.546093838,0,0.7665154084
 4.546093838,1,0.7665154084
 4.547193683,0,0.7615148036
 4.547193683,1,0.7615148036
 4.548293263,0,0.756514199
 4.548293263,1,0.756514199
 4.549392576,0,0.7515135948
 4.549392576,1,0.7515135948
 4.550491624,0,0.7465129908
 4.550491624,1,0.7465129908
 4.551590406,0,0.7415123872
 4.551590406,1,0.7415123872
 4.552688923,0,0.7365117838
 4.552688923,1,0.7365117838
 4.553787175,0,0.7315111807
 4.553787175,1,0.7315111807
 4.554885163,0,0.7265105779
 4.554885163,1,0.7265105779
 4.555982885,0,0.7215099754
 4.555982885,1,0.7215099754
 4.557080343,0,0.7165093732
 4.557080343,1,0.7165093732
 4.558177537,0,0.7115087713
 4.558177537,1,0.7115087713
 4.559274466,0,0.7065081697
 4.559274466,1,0.7065081697
 4.560371132,0,0.7015075683
 4.560371132,1,0.7015075683
 4.561467534,0,0.6965069673
 4.561467534,1,0.6965069673
 4.562563673,0,0.6915063665
 4.562563673,1,0.6915063665
 4.563659548,0,0.6865057661
 4.563659548,1,0.6865057661
 4.56475516,0,0.6815051659
 4.56475516,1,0.6815051659
 4.565850509,0,0.676504566
 4.565850509,1,0.676504566
 4.566945595,0,0.6715039664
 4.566945595,1,0.6715039664
 4.568040419,0,0.6665033671
 4.568040419,1,0.6665033671
 4.56913498,0,0.661502768
 4.56913498,1,0.661502768
 4.570229279,0,0.6565021693
 4.570229279,1,0.6565021693
 4.571323316,0,0.6515015708
 4.571323316,1,0.6515015708
 4.572417091,0,0.6465009727
 4.572417091,1,0.6465009727
 4.573510605,0,0.6415003748
 4.573510605,1,0.6415003748
 4.574603857,0,0.6364997772
 4.574603857,1,0.6364997772
 4.575696848,0,0.6314991799
 4.575696848,1,0.6314991799
 4.576789577,0,0.6264985828
 4.576789577,1,0.6264985828
 4.577882046,0,0.6214979861
 4.577882046,1,0.6214979861
 4.578974254,0,0.6164973896
 4.578974254,1,0.6164973896
 4.580066202,0,0.6114967934
 4.580066202,1,0.6114967934
 4.581157889,0,0.6064961976
 4.581157889,1,0.6064961976
 4.582249316,0,0.6014956019
 4.582249316,1,0.6014956019
 4.583340483,0,0.5964950066
 4.583340483,1,0.5964950066
 4.584431391,0,0.5914944116
 4.584431391,1,0.5914944116
 4.585522039,0,0.5864938168
 4.585522039,1,0.5864938168
 4.586612427,0,0.5814932224
 4.586612427,1,0.5814932224
 4.587702556,0,0.5764926282
 4.587702556,1,0.5764926282
 4.588792426,0,0.5714920343
 4.588792426,1,0.5714920343
 4.589882038,0,0.5664914406
 4.589882038,1,0.5664914406
 4.59097139,0,0.5614908473
 4.59097139,1,0.5614908473
 4.592060484,0,0.5564902542
 4.592060484,1,0.5564902542
 4.59314932,0,0.5514896614
 4.59314932,1,0.5514896614
 4.594237898,0,0.5464890689
 4.594237898,1,0.5464890689
 4.595326218,0,0.5414884767
 4.595326218,1,0.5414884767
 4.59641428,0,0.5364878848
 4.59641428,1,0.5364878848
 4.597502084,0,0.5314872931
 4.597502084,1,0.5314872931
 4.598589631,0,0.5264867017
 4.598589631,1,0.5264867017
 4.599676921,0,0.5214861106
 4.599676921,1,0.5214861106
 4.600763954,0,0.5164855198
 4.600763954,1,0.5164855198
 4.60185073,0,0.5114849293
 4.60185073,1,0.5114849293
 4.602937249,0,0.506484339
 4.602937249,1,0.506484339
 4.604023512,0,0.501483749
 4.604023512,1,0.501483749
 4.605109519,0,0.4964831593
 4.605109519,1,0.4964831593
 4.606195269,0,0.4914825699
 4.606195269,1,0.4914825699
 4.607280764,0,0.4864819808
 4.607280764,1,0.4864819808
 4.608366003,0,0.4814813919
 4.608366003,1,0.4814813919
 4.609450986,0,0.4764808033
 4.609450986,1,0.4764808033
 4.610535714,0,0.471480215
 4.610535714,1,0.471480215
 4.611620187,0,0.4664796269
 4.611620187,1,0.4664796269
 4.612704404,0,0.4614790392
 4.612704404,1,0.4614790392
 4.613788367,0,0.4564784517
 4.613788367,1,0.4564784517
 4.614872075,0,0.4514778645
 4.614872075,1,0.4514778645
 4.615955529,0,0.4464772775
 4.615955529,1,0.4464772775
 4.617038728,0,0.4414766909
 4.617038728,1,0.4414766909
 4.618121673,0,0.4364761045
 4.618121673,1,0.4364761045
 4.619204365,0,0.4314755184
 4.619204365,1,0.4314755184
 4.620286802,0,0.4264749325
 4.620286802,1,0.4264749325
 4.621368986,0,0.421474347
 4.621368986,1,0.421474347
 4.622450917,0,0.4164737617
 4.622450917,1,0.4164737617
 4.623532594,0,0.4114731767
 4.623532594,1,0.4114731767
 4.624614018,0,0.4064725919
 4.624614018,1,0.4064725919
 4.625695189,0,0.4014720075
 4.625695189,1,0.4014720075
 4.626776108,0,0.3964714233
 4.626776108,1,0.3964714233
 4.627856774,0,0.3914708394
 4.627856774,1,0.3914708394
 4.628937188,0,0.3864702557
 4.628937188,1,0.3864702557
 4.630017349,0,0.3814696723
 4.630017349,1,0.3814696723
 4.631097259,0,0.3764690892
 4.631097259,1,0.3764690892
 4.632176917,0,0.3714685064
 4.632176917,1,0.3714685064
 4.633256323,0,0.3664679238
 4.633256323,1,0.3664679238
 4.634335477,0,0.3614673416
 4.634335477,1,0.3614673416
 4.635414381,0,0.3564667595
 4.635414381,1,0.3564667595
 4.636493033,0,0.3514661778
 4.636493033,1,0.3514661778
 4.637571434,0,0.3464655963
 4.637571434,1,0.3464655963
 4.638649585,0,0.3414650151
 4.638649585,1,0.3414650151
 4.639727485,0,0.3364644342
 4.639727485,1,0.3364644342
 4.640805134,0,0.3314638535
 4.640805134,1,0.3314638535
 4.641882533,0,0.3264632731
 4.641882533,1,0.3264632731
 4.642959683,0,0.321462693
 4.642959683,1,0.321462693
 4.644036582,0,0.3164621131
 4.644036582,1,0.3164621131
 4.645113231,0,0.3114615336
 4.645113231,1,0.3114615336
 4.646189631,0,0.3064609542
 4.646189631,1,0.3064609542
 4.647265782,0,0.3014603752
 4.647265782,1,0.3014603752
 4.648341684,0,0.2964597964
 4.648341684,1,0.2964597964
 4.649417336,0,0.2914592179
 4.649417336,1,0.2914592179
 4.65049274,0,0.2864586396
 4.65049274,1,0.2864586396
 4.651567894,0,0.2814580617
 4.651567894,1,0.2814580617
 4.652642801,0,0.276457484
 4.652642801,1,0.276457484
 4.653717459,0,0.2714569065
 4.653717459,1,0.2714569065
 4.654791869,0,0.2664563293
 4.654791869,1,0.2664563293
 4.655866031,0,0.2614557524
 4.655866031,1,0.2614557524
 4.656939945,0,0.2564551758
 4.656939945,1,0.2564551758
 4.658013611,0,0.2514545994
 4.658013611,1,0.2514545994
 4.65908703,0,0.2464540233
 4.65908703,1,0.2464540233
 4.660160202,0,0.2414534474
 4.660160202,1,0.2414534474
 4.661233126,0,0.2364528718
 4.661233126,1,0.2364528718
 4.662305804,0,0.2314522965
 4.662305804,1,0.2314522965
 4.663378234,0,0.2264517215
 4.663378234,1,0.2264517215
 4.664450418,0,0.2214511467
 4.664450418,1,0.2214511467
 4.665522356,0,0.2164505722
 4.665522356,1,0.2164505722
 4.666594048,0,0.2114499979
 4.666594048,1,0.2114499979
 4.667665493,0,0.2064494239
 4.667665493,1,0.2064494239
 4.668736692,0,0.2014488502
 4.668736692,1,0.2014488502
 4.669807646,0,0.1964482767
 4.669807646,1,0.1964482767
 4.670878353,0,0.1914477035
 4.670878353,1,0.1914477035
 4.671948816,0,0.1864471305
 4.671948816,1,0.1864471305
 4.673019033,0,0.1814465579
 4.673019033,1,0.1814465579
 4.674089005,0,0.1764459854
 4.674089005,1,0.1764459854
 4.675158732,0,0.1714454133
 4.675158732,1,0.1714454133
 4.676228215,0,0.1664448414
 4.676228215,1,0.1664448414
 4.677297453,0,0.1614442698
 4.677297453,1,0.1614442698
 4.678366446,0,0.1564436984
 4.678366446,1,0.1564436984
 4.679435195,0,0.1514431273
 4.679435195,1,0.1514431273
 4.6805037,0,0.1464425564
 4.6805037,1,0.1464425564
 4.681571961,0,0.1414419858
 4.681571961,1,0.1414419858
 4.682639979,0,0.1364414155
 4.682639979,1,0.1364414155
 4.683707752,0,0.1314408454
 4.683707752,1,0.1314408454
 4.684775283,0,0.1264402756
 4.684775283,1,0.1264402756
 4.68584257,0,0.1214397061
 4.68584257,1,0.1214397061
 4.686909614,0,0.1164391368
 4.686909614,1,0.1164391368
 4.687976415,0,0.1114385677
 4.687976415,1,0.1114385677
 4.689042973,0,0.106437999
 4.689042973,1,0.106437999
 4.690109289,0,0.1014374305
 4.690109289,1,0.1014374305
 4.691175362,0,0.0964368622
 4.691175362,1,0.0964368622
 4.692241193,0,0.0914362942
 4.692241193,1,0.0914362942
 4.693306782,0,0.08643572646
 4.693306782,1,0.08643572646
 4.694372129,0,0.08143515898
 4.694372129,1,0.08143515898
 4.695437234,0,0.07643459175
 4.695437234,1,0.07643459175
 4.696502097,0,0.07143402479
 4.696502097,1,0.07143402479
 4.697566719,0,0.06643345808
 4.697566719,1,0.06643345808
 4.6986311,0,0.06143289162
 4.6986311,1,0.06143289162
 4.69969524,0,0.05643232543
 4.69969524,1,0.05643232543
 4.700759139,0,0.05143175949
 4.700759139,1,0.05143175949
 4.701822797,0,0.0464311938
 4.701822797,1,0.0464311938
 4.702886214,0,0.04143062837
 4.702886214,1,0.04143062837
 4.703949391,0,0.0364300632
 4.703949391,1,0.0364300632
 4.705012328,0,0.03142949828
 4.705012328,1,0.03142949828
 4.706075024,0,0.02642893362
 4.706075024,1,0.02642893362
 4.707137481,0,0.02142836921
 4.707137481,1,0.02142836921
 4.708199697,0,0.01642780506
 4.708199697,1,0.01642780506
 4.709261674,0,0.01142724116
 4.709261674,1,0.01142724116
 4.710323412,0,0.006426677522
 4.710323412,1,0.006426677522
 4.71138491,0,0.001426114132
 4.71138491,1,0.001426114132
 4.712446169,0,1.996425551
 4.712446169,1,1.996425551
 4.713507189,0,1.991424988
 4.713507189,1,1.991424988
 4.714567971,0,1.986424425
 4.714567971,1,1.986424425
 4.715628513,0,1.981423863
 4.715628513,1,1.981423863
 4.716688817,0,1.976423301
 4.716688817,1,1.976423301
 4.717748883,0,1.971422739
 4.717748883,1,1.971422739
 4.71880871,0,1.966422178
 4.71880871,1,1.966422178
 4.7198683,0,1.961421616
 4.7198683,1,1.961421616
 4.720927651,0,1.956421055
 4.720927651,1,1.956421055
 4.721986765,0,1.951420494
 4.721986765,1,1.951420494
 4.723045642,0,1.946419934
 4.723045642,1,1.946419934
 4.724104281,0,1.941419373
 4.724104281,1,1.941419373
 4.725162682,0,1.936418813
 4.725162682,1,1.936418813
 4.726220847,0,1.931418253
 4.726220847,1,1.931418253
 4.727278775,0,1.926417694
 4.727278775,1,1.926417694
 4.728336466,0,1.921417134
 4.728336466,1,1.921417134
 4.72939392,0,1.916416575
 4.72939392,1,1.916416575
 4.730451138,0,1.911416016
 4.730451138,1,1.911416016
 4.731508119,0,1.906415458
 4.731508119,1,1.906415458
 4.732564865,0,1.901414899
 4.732564865,1,1.901414899
 4.733621375,0,1.896414341
 4.733621375,1,1.896414341
 4.734677648,0,1.891413783
 4.734677648,1,1.891413783
 4.735733686,0,1.886413226
 4.735733686,1,1.886413226
 4.736789489,0,1.881412668
 4.736789489,1,1.881412668
 4.737845056,0,1.876412111
 4.737845056,1,1.876412111
 4.738900388,0,1.871411554
 4.738900388,1,1.871411554
 4.739955485,0,1.866410998
 4.739955485,1,1.866410998
 4.741010348,0,1.861410441
 4.741010348,1,1.861410441
 4.742064975,0,1.856409885
 4.742064975,1,1.856409885
 4.743119368,0,1.851409329
 4.743119368,1,1.851409329
 4.744173527,0,1.846408774
 4.744173527,1,1.846408774
 4.745227451,0,1.841408218
 4.745227451,1,1.841408218
 4.746281141,0,1.836407663
 4.746281141,1,1.836407663
 4.747334598,0,1.831407108
 4.747334598,1,1.831407108
 4.74838782,0,1.826406554
 4.74838782,1,1.826406554
 4.749440809,0,1.821405999
 4.749440809,1,1.821405999
 4.750493565,0,1.816405445
 4.750493565,1,1.816405445
 4.751546087,0,1.811404891
 4.751546087,1,1.811404891
 4.752598376,0,1.806404338
 4.752598376,1,1.806404338
 4.753650432,0,1.801403784
 4.753650432,1,1.801403784
 4.754702255,0,1.796403231
 4.754702255,1,1.796403231
 4.755753846,0,1.791402678
 4.755753846,1,1.791402678
 4.756805204,0,1.786402126
 4.756805204,1,1.786402126
 4.75785633,0,1.781401573
 4.75785633,1,1.781401573
 4.758907223,0,1.776401021
 4.758907223,1,1.776401021
 4.759957884,0,1.771400469
 4.759957884,1,1.771400469
 4.761008314,0,1.766399917
 4.761008314,1,1.766399917
 4.762058512,0,1.761399366
 4.762058512,1,1.761399366
 4.763108478,0,1.756398815
 4.763108478,1,1.756398815
 4.764158212,0,1.751398264
 4.764158212,1,1.751398264
 4.765207716,0,1.746397713
 4.765207716,1,1.746397713
 4.766256988,0,1.741397162
 4.766256988,1,1.741397162
 4.767306029,0,1.736396612
 4.767306029,1,1.736396612
 4.76835484,0,1.731396062
 4.76835484,1,1.731396062
 4.769403419,0,1.726395512
 4.769403419,1,1.726395512
 4.770451768,0,1.721394963
 4.770451768,1,1.721394963
 4.771499887,0,1.716394414
 4.771499887,1,1.716394414
 4.772547776,0,1.711393865
 4.772547776,1,1.711393865
 4.773595434,0,1.706393316
 4.773595434,1,1.706393316
 4.774642863,0,1.701392767
 4.774642863,1,1.701392767
 4.775690061,0,1.696392219
 4.775690061,1,1.696392219
 4.77673703,0,1.691391671
 4.77673703,1,1.691391671
 4.77778377,0,1.686391123
 4.77778377,1,1.686391123
 4.77883028,0,1.681390575
 4.77883028,1,1.681390575
 4.779876562,0,1.676390028
 4.779876562,1,1.676390028
 4.780922614,0,1.671389481
 4.780922614,1,1.671389481
 4.781968437,0,1.666388934
 4.781968437,1,1.666388934
 4.783014031,0,1.661388387
 4.783014031,1,1.661388387
 4.784059397,0,1.656387841
 4.784059397,1,1.656387841
 4.785104535,0,1.651387295
 4.785104535,1,1.651387295
 4.786149444,0,1.646386749
 4.786149444,1,1.646386749
 4.787194125,0,1.641386203
 4.787194125,1,1.641386203
 4.788238578,0,1.636385658
 4.788238578,1,1.636385658
 4.789282804,0,1.631385113
 4.789282804,1,1.631385113
 4.790326801,0,1.626384568
 4.790326801,1,1.626384568
 4.791370572,0,1.621384023
 4.791370572,1,1.621384023
 4.792414114,0,1.616383478
 4.792414114,1,1.616383478
 4.79345743,0,1.611382934
 4.79345743,1,1.611382934
 4.794500518,0,1.60638239
 4.794500518,1,1.60638239
 4.79554338,0,1.601381846
 4.79554338,1,1.601381846
 4.796586014,0,1.596381303
 4.796586014,1,1.596381303
 4.797628423,0,1.59138076
 4.797628423,1,1.59138076
 4.798670604,0,1.586380217
 4.798670604,1,1.586380217
 4.799712559,0,1.581379674
 4.799712559,1,1.581379674
 4.800754288,0,1.576379131
 4.800754288,1,1.576379131
 4.801795791,0,1.571378589
 4.801795791,1,1.571378589
 4.802837069,0,1.566378047
 4.802837069,1,1.566378047
 4.80387812,0,1.561377505
 4.80387812,1,1.561377505
 4.804918946,0,1.556376963
 4.804918946,1,1.556376963
 4.805959546,0,1.551376422
 4.805959546,1,1.551376422
 4.806999921,0,1.54637588
 4.806999921,1,1.54637588
 4.808040071,0,1.541375339
 4.808040071,1,1.541375339
 4.809079995,0,1.536374799
 4.809079995,1,1.536374799
 4.810119695,0,1.531374258
 4.810119695,1,1.531374258
 4.811159171,0,1.526373718
 4.811159171,1,1.526373718
 4.812198421,0,1.521373178
 4.812198421,1,1.521373178
 4.813237447,0,1.516372638
 4.813237447,1,1.516372638
 4.814276249,0,1.511372099
 4.814276249,1,1.511372099
 4.815314827,0,1.506371559
 4.815314827,1,1.506371559
 4.816353181,0,1.50137102
 4.816353181,1,1.50137102
 4.81739131,0,1.496370481
 4.81739131,1,1.496370481
 4.818429217,0,1.491369943
 4.818429217,1,1.491369943
 4.819466899,0,1.486369404
 4.819466899,1,1.486369404
 4.820504358,0,1.481368866
 4.820504358,1,1.481368866
 4.821541594,0,1.476368328
 4.821541594,1,1.476368328
 4.822578607,0,1.471367791
 4.822578607,1,1.471367791
 4.823615397,0,1.466367253
 4.823615397,1,1.466367253
 4.824651963,0,1.461366716
 4.824651963,1,1.461366716
 4.825688308,0,1.456366179
 4.825688308,1,1.456366179
 4.826724429,0,1.451365642
 4.826724429,1,1.451365642
 4.827760328,0,1.446365106
 4.827760328,1,1.446365106
 4.828796005,0,1.441364569
 4.828796005,1,1.441364569
 4.82983146,0,1.436364033
 4.82983146,1,1.436364033
 4.830866693,0,1.431363497
 4.830866693,1,1.431363497
 4.831901704,0,1.426362962
 4.831901704,1,1.426362962
 4.832936493,0,1.421362426
 4.832936493,1,1.421362426
 4.833971061,0,1.416361891
 4.833971061,1,1.416361891
 4.835005407,0,1.411361356
 4.835005407,1,1.411361356
 4.836039532,0,1.406360821
 4.836039532,1,1.406360821
 4.837073436,0,1.401360287
 4.837073436,1,1.401360287
 4.838107119,0,1.396359753
 4.838107119,1,1.396359753
 4.839140581,0,1.391359219
 4.839140581,1,1.391359219
 4.840173822,0,1.386358685
 4.840173822,1,1.386358685
 4.841206843,0,1.381358151
 4.841206843,1,1.381358151
 4.842239643,0,1.376357618
 4.842239643,1,1.376357618
 4.843272223,0,1.371357085
 4.843272223,1,1.371357085
 4.844304583,0,1.366356552
 4.844304583,1,1.366356552
 4.845336723,0,1.361356019
 4.845336723,1,1.361356019
 4.846368643,0,1.356355487
 4.846368643,1,1.356355487
 4.847400344,0,1.351354955
 4.847400344,1,1.351354955
 4.848431824,0,1.346354423
 4.848431824,1,1.346354423
 4.849463086,0,1.341353891
 4.849463086,1,1.341353891
 4.850494128,0,1.336353359
 4.850494128,1,1.336353359
 4.85152495,0,1.331352828
 4.85152495,1,1.331352828
 4.852555554,0,1.326352297
 4.852555554,1,1.326352297
 4.853585939,0,1.321351766
 4.853585939,1,1.321351766
 4.854616105,0,1.316351236
 4.854616105,1,1.316351236
 4.855646053,0,1.311350705
 4.855646053,1,1.311350705
 4.856675782,0,1.306350175
 4.856675782,1,1.306350175
 4.857705293,0,1.301349645
 4.857705293,1,1.301349645
 4.858734585,0,1.296349115
 4.858734585,1,1.296349115
 4.85976366,0,1.291348586
 4.85976366,1,1.291348586
 4.860792516,0,1.286348057
 4.860792516,1,1.286348057
 4.861821155,0,1.281347528
 4.861821155,1,1.281347528
 4.862849576,0,1.276346999
 4.862849576,1,1.276346999
 4.86387778,0,1.27134647
 4.86387778,1,1.27134647
 4.864905766,0,1.266345942
 4.864905766,1,1.266345942
 4.865933536,0,1.261345414
 4.865933536,1,1.261345414
 4.866961088,0,1.256344886
 4.866961088,1,1.256344886
 4.867988423,0,1.251344358
 4.867988423,1,1.251344358
 4.869015541,0,1.24634383
 4.869015541,1,1.24634383
 4.870042443,0,1.241343303
 4.870042443,1,1.241343303
 4.871069128,0,1.236342776
 4.871069128,1,1.236342776
 4.872095596,0,1.231342249
 4.872095596,1,1.231342249
 4.873121849,0,1.226341723
 4.873121849,1,1.226341723
 4.874147885,0,1.221341196
 4.874147885,1,1.221341196
 4.875173706,0,1.21634067
 4.875173706,1,1.21634067
 4.87619931,0,1.211340144
 4.87619931,1,1.211340144
 4.877224699,0,1.206339619
 4.877224699,1,1.206339619
 4.878249872,0,1.201339093
 4.878249872,1,1.201339093
 4.87927483,0,1.196338568
 4.87927483,1,1.196338568
 4.880299572,0,1.191338043
 4.880299572,1,1.191338043
 4.881324099,0,1.186337518
 4.881324099,1,1.186337518
 4.882348412,0,1.181336993
 4.882348412,1,1.181336993
 4.883372509,0,1.176336469
 4.883372509,1,1.176336469
 4.884396392,0,1.171335945
 4.884396392,1,1.171335945
 4.88542006,0,1.166335421
 4.88542006,1,1.166335421
 4.886443513,0,1.161334897
 4.886443513,1,1.161334897
 4.887466752,0,1.156334374
 4.887466752,1,1.156334374
 4.888489777,0,1.15133385
 4.888489777,1,1.15133385
 4.889512588,0,1.146333327
 4.889512588,1,1.146333327
 4.890535185,0,1.141332804
 4.890535185,1,1.141332804
 4.891557568,0,1.136332282
 4.891557568,1,1.136332282
 4.892579737,0,1.131331759
 4.892579737,1,1.131331759
 4.893601693,0,1.126331237
 4.893601693,1,1.126331237
 4.894623435,0,1.121330715
 4.894623435,1,1.121330715
 4.895644964,0,1.116330193
 4.895644964,1,1.116330193
 4.89666628,0,1.111329672
 4.89666628,1,1.111329672
 4.897687383,0,1.106329151
 4.897687383,1,1.106329151
 4.898708273,0,1.101328629
 4.898708273,1,1.101328629
 4.89972895,0,1.096328109
 4.89972895,1,1.096328109
 4.900749415,0,1.091327588
 4.900749415,1,1.091327588
 4.901769667,0,1.086327067
 4.901769667,1,1.086327067
 4.902789706,0,1.081326547
 4.902789706,1,1.081326547
 4.903809534,0,1.076326027
 4.903809534,1,1.076326027
 4.904829149,0,1.071325507
 4.904829149,1,1.071325507
 4.905848553,0,1.066324988
 4.905848553,1,1.066324988
 4.906867745,0,1.061324468
 4.906867745,1,1.061324468
 4.907886725,0,1.056323949
 4.907886725,1,1.056323949
 4.908905493,0,1.05132343
 4.908905493,1,1.05132343
 4.90992405,0,1.046322912
 4.90992405,1,1.046322912
 4.910942396,0,1.041322393
 4.910942396,1,1.041322393
 4.91196053,0,1.036321875
 4.91196053,1,1.036321875
 4.912978454,0,1.031321357
 4.912978454,1,1.031321357
 4.913996166,0,1.026320839
 4.913996166,1,1.026320839
 4.915013668,0,1.021320321
 4.915013668,1,1.021320321
 4.916030959,0,1.016319804
 4.916030959,1,1.016319804
 4.91704804,0,1.011319286
 4.91704804,1,1.011319286
 4.91806491,0,1.006318769
 4.91806491,1,1.006318769
 4.91908157,0,1.001318253
 4.91908157,1,1.001318253
 4.92009802,0,0.9963177361
 4.92009802,1,0.9963177361
 4.92111426,0,0.9913172197
 4.92111426,1,0.9913172197
 4.92213029,0,0.9863167035
 4.92213029,1,0.9863167035
 4.92314611,0,0.9813161876
 4.92314611,1,0.9813161876
 4.924161721,0,0.9763156719
 4.924161721,1,0.9763156719
 4.925177122,0,0.9713151563
 4.925177122,1,0.9713151563
 4.926192314,0,0.966314641
 4.926192314,1,0.966314641
 4.927207297,0,0.9613141259
 4.927207297,1,0.9613141259
 4.928222071,0,0.956313611
 4.928222071,1,0.956313611
 4.929236635,0,0.9513130964
 4.929236635,1,0.9513130964
 4.930250991,0,0.9463125819
 4.930250991,1,0.9463125819
 4.931265138,0,0.9413120677
 4.931265138,1,0.9413120677
 4.932279077,0,0.9363115536
 4.932279077,1,0.9363115536
 4.933292807,0,0.9313110398
 4.933292807,1,0.9313110398
 4.934306329,0,0.9263105262
 4.934306329,1,0.9263105262
 4.935319643,0,0.9213100128
 4.935319643,1,0.9213100128
 4.936332748,0,0.9163094996
 4.936332748,1,0.9163094996
 4.937345646,0,0.9113089866
 4.937345646,1,0.9113089866
 4.938358336,0,0.9063084739
 4.938358336,1,0.9063084739
 4.939370818,0,0.9013079613
 4.939370818,1,0.9013079613
 4.940383093,0,0.8963074489
 4.940383093,1,0.8963074489
 4.94139516,0,0.8913069368
 4.94139516,1,0.8913069368
 4.94240702,0,0.8863064249
 4.94240702,1,0.8863064249
 4.943418673,0,0.8813059131
 4.943418673,1,0.8813059131
 4.944430118,0,0.8763054016
 4.944430118,1,0.8763054016
 4.945441357,0,0.8713048903
 4.945441357,1,0.8713048903
 4.946452389,0,0.8663043792
 4.946452389,1,0.8663043792
 4.947463215,0,0.8613038684
 4.947463215,1,0.8613038684
 4.948473834,0,0.8563033577
 4.948473834,1,0.8563033577
 4.949484246,0,0.8513028472
 4.949484246,1,0.8513028472
 4.950494453,0,0.846302337
 4.950494453,1,0.846302337
 4.951504453,0,0.8413018269
 4.951504453,1,0.8413018269
 4.952514247,0,0.8363013171
 4.952514247,1,0.8363013171
 4.953523835,0,0.8313008074
 4.953523835,1,0.8313008074
 4.954533218,0,0.826300298
 4.954533218,1,0.826300298
 4.955542394,0,0.8212997888
 4.955542394,1,0.8212997888
 4.956551366,0,0.8162992798
 4.956551366,1,0.8162992798
 4.957560132,0,0.811298771
 4.957560132,1,0.811298771
 4.958568692,0,0.8062982624
 4.958568692,1,0.8062982624
 4.959577048,0,0.801297754
 4.959577048,1,0.801297754
 4.960585198,0,0.7962972458
 4.960585198,1,0.7962972458
 4.961593144,0,0.7912967378
 4.961593144,1,0.7912967378
 4.962600885,0,0.7862962301
 4.962600885,1,0.7862962301
 4.963608421,0,0.7812957225
 4.963608421,1,0.7812957225
 4.964615752,0,0.7762952151
 4.964615752,1,0.7762952151
 4.96562288,0,0.771294708
 4.96562288,1,0.771294708
 4.966629803,0,0.766294201
 4.966629803,1,0.766294201
 4.967636522,0,0.7612936943
 4.967636522,1,0.7612936943
 4.968643037,0,0.7562931878
 4.968643037,1,0.7562931878
 4.969649348,0,0.7512926814
 4.969649348,1,0.7512926814
 4.970655455,0,0.7462921753
 4.970655455,1,0.7462921753
 4.971661358,0,0.7412916694
 4.971661358,1,0.7412916694
 4.972667058,0,0.7362911637
 4.972667058,1,0.7362911637
 4.973672555,0,0.7312906581
 4.973672555,1,0.7312906581
 4.974677848,0,0.7262901528
 4.974677848,1,0.7262901528
 4.975682939,0,0.7212896477
 4.975682939,1,0.7212896477
 4.976687826,0,0.7162891428
 4.976687826,1,0.7162891428
 4.97769251,0,0.7112886381
 4.97769251,1,0.7112886381
 4.978696991,0,0.7062881336
 4.978696991,1,0.7062881336
 4.97970127,0,0.7012876294
 4.97970127,1,0.7012876294
 4.980705347,0,0.6962871253
 4.980705347,1,0.6962871253
 4.98170922,0,0.6912866214
 4.98170922,1,0.6912866214
 4.982712892,0,0.6862861177
 4.982712892,1,0.6862861177
 4.983716361,0,0.6812856142
 4.983716361,1,0.6812856142
 4.984719629,0,0.676285111
 4.984719629,1,0.676285111
 4.985722694,0,0.6712846079
 4.985722694,1,0.6712846079
 4.986725558,0,0.666284105
 4.986725558,1,0.666284105
 4.98772822,0,0.6612836024
 4.98772822,1,0.6612836024
 4.98873068,0,0.6562830999
 4.98873068,1,0.6562830999
 4.989732939,0,0.6512825976
 4.989732939,1,0.6512825976
 4.990734997,0,0.6462820956
 4.990734997,1,0.6462820956
 4.991736853,0,0.6412815937
 4.991736853,1,0.6412815937
 4.992738509,0,0.6362810921
 4.992738509,1,0.6362810921
 4.993739963,0,0.6312805906
 4.993739963,1,0.6312805906
 4.994741217,0,0.6262800894
 4.994741217,1,0.6262800894
 4.99574227,0,0.6212795883
 4.99574227,1,0.6212795883
 4.996743122,0,0.6162790874
 4.996743122,1,0.6162790874
 4.997743774,0,0.6112785868
 4.997743774,1,0.6112785868
 4.998744225,0,0.6062780863
 4.998744225,1,0.6062780863
 4.999744476,0,0.6012775861
 4.999744476,1,0.6012775861
 5.000744527,0,0.596277086
 5.000744527,1,0.596277086
