     1    0   0.00000000e+00   2.66666667e-05      0      0   0.00000000e+00   0.00000000e+00  -1.00000000e+00      0 0.00000000e+00 0.00000000e+00 1.00000000e+00
     1    1   5.33333333e-05   8.66666667e-05      0      0   0.00000000e+00   0.00000000e+00  -1.00000000e+00      0 0.00000000e+00 0.00000000e+00 1.00000000e+00
     1    2   6.66666667e-05   1.16666667e-04      0      0   0.00000000e+00   0.00000000e+00  -1.00000000e+00      0 0.00000000e+00 0.00000000e+00 1.00000000e+00
     2    0   1.00000000e-04   1.29333333e-04      0      0   0.00000000e+00   0.00000000e+00  -1.00000000e+00      0 0.00000000e+00 0.00000000e+00 1.00000000e+00
     2    1   1.58666667e-04   1.95333333e-04      0      0   0.00000000e+00   0.00000000e+00  -1.00000000e+00      0 0.00000000e+00 0.00000000e+00 1.00000000e+00
     2    2   1.73333333e-04   2.28333333e-04      0      0   0.00000000e+00   0.00000000e+00  -1.00000000e+00      0 0.00000000e+00 0.00000000e+00 1.00000000e+00
     3    0   2.10000000e-04   2.42266667e-04      0      0   0.00000000e+00   0.00000000e+00  -1.00000000e+00      0 0.00000000e+00 0.00000000e+00 1.00000000e+00
     3    1   2.74533333e-04   3.14866667e-04      0      0   0.00000000e+00   0.00000000e+00  -1.00000000e+00      0 0.00000000e+00 0.00000000e+00 1.00000000e+00
     3    2   2.90666667e-04   3.51166667e-04      0      0   0.00000000e+00   0.00000000e+00  -1.00000000e+00      0 0.00000000e+00 0.00000000e+00 1.00000000e+00
     4    0   3.31000000e-04   3.66493333e-04      0      0   0.00000000e+00   0.00000000e+00  -1.00000000e+00      0 0.00000000e+00 0.00000000e+00 1.00000000e+00
     4    1   4.01986667e-04   4.46353333e-04      0      0   0.00000000e+00   0.00000000e+00  -1.00000000e+00      0 0.00000000e+00 0.00000000e+00 1.00000000e+00
     4    2   4.19733333e-04   4.86283333e-04      0      0   0.00000000e+00   0.00000000e+00  -1.00000000e+00      0 0.00000000e+00 0.00000000e+00 1.00000000e+00
     5    0   4.64100000e-04   5.03142667e-04      0      0   0.00000000e+00   0.00000000e+00  -1.00000000e+00      0 0.00000000e+00 0.00000000e+00 1.00000000e+00
     5    1   5.42185333e-04   5.90988667e-04      0      0   0.00000000e+00   0.00000000e+00  -1.00000000e+00      0 0.00000000e+00 0.00000000e+00 1.00000000e+00
     5    2   5.61706667e-04   6.34911667e-04      0      0   0.00000000e+00   0.00000000e+00  -1.00000000e+00      0 0.00000000e+00 0.00000000e+00 1.00000000e+00
     6    0   6.10510000e-04   6.53456933e-04      0      0   0.00000000e+00   0.00000000e+00  -1.00000000e+00      0 0.00000000e+00 0.00000000e+00 1.00000000e+00
     6    1   6.96403867e-04   7.50087533e-04      0      0   0.00000000e+00   0.00000000e+00  -1.00000000e+00      0 0.00000000e+00 0.00000000e+00 1.00000000e+00
     6    2   7.17877333e-04   7.98402833e-04      0      0   0.00000000e+00   0.00000000e+00  -1.00000000e+00      0 0.00000000e+00 0.00000000e+00 1.00000000e+00
     7    0   7.71561000e-04   8.18802627e-04      0      0   0.00000000e+00   0.00000000e+00  -1.00000000e+00      0 0.00000000e+00 0.00000000e+00 1.00000000e+00
     7    1   8.66044253e-04   9.25096287e-04      0      0   0.00000000e+00   0.00000000e+00  -1.00000000e+00      0 0.00000000e+00 0.00000000e+00 1.00000000e+00
     7    2   8.89665067e-04   9.78243117e-04      0      0   0.00000000e+00   0.00000000e+00  -1.00000000e+00      0 0.00000000e+00 0.00000000e+00 1.00000000e+00
     8    0   9.48717100e-04   1.00068289e-03      0      0   0.00000000e+00   0.00000000e+00  -1.00000000e+00      0 0.00000000e+00 0.00000000e+00 1.00000000e+00
     8    1   1.05264868e-03   1.11760592e-03      0      0   0.00000000e+00   0.00000000e+00  -1.00000000e+00      0 0.00000000e+00 0.00000000e+00 1.00000000e+00
     8    2   1.07863157e-03   1.17606743e-03      0      0   0.00000000e+00   0.00000000e+00  -1.00000000e+00      0 0.00000000e+00 0.00000000e+00 1.00000000e+00
     9    0   1.14358881e-03   1.20075118e-03      0      0   0.00000000e+00   0.00000000e+00  -1.00000000e+00      0 0.00000000e+00 0.00000000e+00 1.00000000e+00
     9    1   1.25791355e-03   1.32936651e-03      0      0   0.00000000e+00   0.00000000e+00  -1.00000000e+00      0 0.00000000e+00 0.00000000e+00 1.00000000e+00
     9    2   1.28649473e-03   1.39367417e-03      0      0   0.00000000e+00   0.00000000e+00  -1.00000000e+00      0 0.00000000e+00 0.00000000e+00 1.00000000e+00
    10    0   1.35794769e-03   1.42082630e-03      0      0   0.00000000e+00   0.00000000e+00  -1.00000000e+00      0 0.00000000e+00 0.00000000e+00 1.00000000e+00
    10    1   1.48370490e-03   1.56230316e-03      0      0   0.00000000e+00   0.00000000e+00  -1.00000000e+00      0 0.00000000e+00 0.00000000e+00 1.00000000e+00
    10    2   1.51514420e-03   1.63304159e-03      0      0   0.00000000e+00   0.00000000e+00  -1.00000000e+00      0 0.00000000e+00 0.00000000e+00 1.00000000e+00
    11    0   1.59374246e-03   1.66290893e-03      0      0   0.00000000e+00   0.00000000e+00  -1.00000000e+00      0 0.00000000e+00 0.00000000e+00 1.00000000e+00
    11    1   1.73207539e-03   1.81853347e-03      0      0   0.00000000e+00   0.00000000e+00  -1.00000000e+00      0 0.00000000e+00 0.00000000e+00 1.00000000e+00
    11    2   1.76665862e-03   1.89634575e-03      0      0   0.00000000e+00   0.00000000e+00  -1.00000000e+00      0 0.00000000e+00 0.00000000e+00 1.00000000e+00
    12    0   1.85311671e-03   1.92919982e-03      0      0   0.00000000e+00   0.00000000e+00  -1.00000000e+00      0 0.00000000e+00 0.00000000e+00 1.00000000e+00
    12    1   2.00528293e-03   2.10038682e-03      0      0   0.00000000e+00   0.00000000e+00  -1.00000000e+00      0 0.00000000e+00 0.00000000e+00 1.00000000e+00
    12    2   2.04332449e-03   2.18598032e-03      0      0   0.00000000e+00   0.00000000e+00  -1.00000000e+00      0 0.00000000e+00 0.00000000e+00 1.00000000e+00
    13    0   2.13842838e-03   2.22211980e-03      0      0   0.00000000e+00   0.00000000e+00  -1.00000000e+00      0 0.00000000e+00 0.00000000e+00 1.00000000e+00
    13    1   2.30581122e-03   2.41042550e-03      0      0   0.00000000e+00   0.00000000e+00  -1.00000000e+00      0 0.00000000e+00 0.00000000e+00 1.00000000e+00
    13    2   2.34765694e-03   2.50457835e-03      0      0   0.00000000e+00   0.00000000e+00  -1.00000000e+00      0 0.00000000e+00 0.00000000e+00 1.00000000e+00
    14    0   2.45227121e-03   2.54433178e-03      0      0   0.00000000e+00   0.00000000e+00  -1.00000000e+00      0 0.00000000e+00 0.00000000e+00 1.00000000e+00
    14    1   2.63639235e-03   2.75146805e-03      0      0   0.00000000e+00   0.00000000e+00  -1.00000000e+00      0 0.00000000e+00 0.00000000e+00 1.00000000e+00
    14    2   2.68242263e-03   2.85503619e-03      0      0   0.00000000e+00   0.00000000e+00  -1.00000000e+00      0 0.00000000e+00 0.00000000e+00 1.00000000e+00
    15    0   2.79749834e-03   2.89876496e-03      0      0   0.00000000e+00   0.00000000e+00  -1.00000000e+00      0 0.00000000e+00 0.00000000e+00 1.00000000e+00
    15    1   3.00003158e-03   3.12661486e-03      0      0   0.00000000e+00   0.00000000e+00  -1.00000000e+00      0 0.00000000e+00 0.00000000e+00 1.00000000e+00
    15    2   3.05066489e-03   3.24053981e-03      0      0   0.00000000e+00   0.00000000e+00  -1.00000000e+00      0 0.00000000e+00 0.00000000e+00 1.00000000e+00
    16    0   3.17724817e-03   3.28864145e-03      0      0   0.00000000e+00   0.00000000e+00  -1.00000000e+00      0 0.00000000e+00 0.00000000e+00 1.00000000e+00
    16    1   3.40003474e-03   3.53927634e-03      0      0   0.00000000e+00   0.00000000e+00  -1.00000000e+00      0 0.00000000e+00 0.00000000e+00 1.00000000e+00
    16    2   3.45573138e-03   3.66459379e-03      0      0   0.00000000e+00   0.00000000e+00  -1.00000000e+00      0 0.00000000e+00 0.00000000e+00 1.00000000e+00
    17    0   3.59497299e-03   3.71750560e-03      0      0   0.00000000e+00   0.00000000e+00  -1.00000000e+00      0 0.00000000e+00 0.00000000e+00 1.00000000e+00
    17    1   3.84003821e-03   3.99320398e-03      0      0   0.00000000e+00   0.00000000e+00  -1.00000000e+00      0 0.00000000e+00 0.00000000e+00 1.00000000e+00
    17    2   3.90130452e-03   4.13105317e-03      0      0   0.00000000e+00   0.00000000e+00  -1.00000000e+00      0 0.00000000e+00 0.00000000e+00 1.00000000e+00
    18    0   4.05447028e-03   4.18925616e-03      0      0   0.00000000e+00   0.00000000e+00  -1.00000000e+00      0 0.00000000e+00 0.00000000e+00 1.00000000e+00
    18    1   4.32404203e-03   4.49252438e-03      0      0   0.00000000e+00   0.00000000e+00  -1.00000000e+00      0 0.00000000e+00 0.00000000e+00 1.00000000e+00
    18    2   4.39143497e-03   4.64415848e-03      0      0   0.00000000e+00   0.00000000e+00  -1.00000000e+00      0 0.00000000e+00 0.00000000e+00 1.00000000e+00
    19    0   4.55991731e-03   4.70818178e-03      0      0   0.00000000e+00   0.00000000e+00  -1.00000000e+00      0 0.00000000e+00 0.00000000e+00 1.00000000e+00
    19    1   4.85644624e-03   5.04177681e-03      0      0   0.00000000e+00   0.00000000e+00  -1.00000000e+00      0 0.00000000e+00 0.00000000e+00 1.00000000e+00
    19    2   4.93057847e-03   5.20857433e-03      0      0   0.00000000e+00   0.00000000e+00  -1.00000000e+00      0 0.00000000e+00 0.00000000e+00 1.00000000e+00
    20    0   5.11590904e-03   5.27899995e-03      0      0   0.00000000e+00   0.00000000e+00  -1.00000000e+00      0 0.00000000e+00 0.00000000e+00 1.00000000e+00
    20    1   5.44209086e-03   5.64595450e-03      0      0   0.00000000e+00   0.00000000e+00  -1.00000000e+00      0 0.00000000e+00 0.00000000e+00 1.00000000e+00
    20    2   5.52363631e-03   5.82943177e-03      0      0   0.00000000e+00   0.00000000e+00  -1.00000000e+00      0 0.00000000e+00 0.00000000e+00 1.00000000e+00
    21    0   5.72749995e-03   5.90689995e-03      0      0   0.00000000e+00   0.00000000e+00  -1.00000000e+00      0 0.00000000e+00 0.00000000e+00 1.00000000e+00
    21    1   6.08629995e-03   6.31054994e-03      0      0   0.00000000e+00   0.00000000e+00  -1.00000000e+00      0 0.00000000e+00 0.00000000e+00 1.00000000e+00
    21    2   6.17599995e-03   6.51237494e-03      0      0   0.00000000e+00   0.00000000e+00  -1.00000000e+00      0 0.00000000e+00 0.00000000e+00 1.00000000e+00
    22    0   6.40024994e-03   6.59758994e-03      0      0   0.00000000e+00   0.00000000e+00  -1.00000000e+00      0 0.00000000e+00 0.00000000e+00 1.00000000e+00
    22    1   6.79492994e-03   7.04160494e-03      0      0   0.00000000e+00   0.00000000e+00  -1.00000000e+00      0 0.00000000e+00 0.00000000e+00 1.00000000e+00
    22    2   6.89359994e-03   7.26361244e-03      0      0   0.00000000e+00   0.00000000e+00  -1.00000000e+00      0 0.00000000e+00 0.00000000e+00 1.00000000e+00
    23    0   7.14027494e-03   7.35734894e-03      0      0   0.00000000e+00   0.00000000e+00  -1.00000000e+00      0 0.00000000e+00 0.00000000e+00 1.00000000e+00
    23    1   7.57442294e-03   7.84576543e-03      0      0   0.00000000e+00   0.00000000e+00  -1.00000000e+00      0 0.00000000e+00 0.00000000e+00 1.00000000e+00
    23    2   7.68295993e-03   8.08997368e-03      0      0   0.00000000e+00   0.00000000e+00  -1.00000000e+00      0 0.00000000e+00 0.00000000e+00 1.00000000e+00
    24    0   7.95430243e-03   8.19308383e-03      0      0   0.00000000e+00   0.00000000e+00  -1.00000000e+00      0 0.00000000e+00 0.00000000e+00 1.00000000e+00
    24    1   8.43186523e-03   8.73034198e-03      0      0   0.00000000e+00   0.00000000e+00  -1.00000000e+00      0 0.00000000e+00 0.00000000e+00 1.00000000e+00
    24    2   8.55125593e-03   8.99897105e-03      0      0   0.00000000e+00   0.00000000e+00  -1.00000000e+00      0 0.00000000e+00 0.00000000e+00 1.00000000e+00
    25    0   8.84973268e-03   9.11239221e-03      0      0   0.00000000e+00   0.00000000e+00  -1.00000000e+00      0 0.00000000e+00 0.00000000e+00 1.00000000e+00
    25    1   9.37505175e-03   9.70337617e-03      0      0   0.00000000e+00   0.00000000e+00  -1.00000000e+00      0 0.00000000e+00 0.00000000e+00 1.00000000e+00
    25    2   9.50638152e-03   9.99886815e-03      0      0   0.00000000e+00   0.00000000e+00  -1.00000000e+00      0 0.00000000e+00 0.00000000e+00 1.00000000e+00
    26    0   9.83470594e-03   1.01236314e-02      0      0   0.00000000e+00   0.00000000e+00  -1.00000000e+00      0 0.00000000e+00 0.00000000e+00 1.00000000e+00
    26    1   1.04125569e-02   1.07737138e-02      0      0   0.00000000e+00   0.00000000e+00  -1.00000000e+00      0 0.00000000e+00 0.00000000e+00 1.00000000e+00
    26    2   1.05570197e-02   1.10987550e-02      0      0   0.00000000e+00   0.00000000e+00  -1.00000000e+00      0 0.00000000e+00 0.00000000e+00 1.00000000e+00
    27    0   1.09181765e-02   1.12359946e-02      0      0   0.00000000e+00   0.00000000e+00  -1.00000000e+00      0 0.00000000e+00 0.00000000e+00 1.00000000e+00
    27    1   1.15538126e-02   1.19510852e-02      0      0   0.00000000e+00   0.00000000e+00  -1.00000000e+00      0 0.00000000e+00 0.00000000e+00 1.00000000e+00
    27    2   1.17127216e-02   1.23086305e-02      0      0   0.00000000e+00   0.00000000e+00  -1.00000000e+00      0 0.00000000e+00 0.00000000e+00 1.00000000e+00
    28    0   1.21099942e-02   1.24595940e-02      0      0   0.00000000e+00   0.00000000e+00  -1.00000000e+00      0 0.00000000e+00 0.00000000e+00 1.00000000e+00
    28    1   1.28091939e-02   1.32461937e-02      0      0   0.00000000e+00   0.00000000e+00  -1.00000000e+00      0 0.00000000e+00 0.00000000e+00 1.00000000e+00
    28    2   1.29839938e-02   1.36394935e-02      0      0   0.00000000e+00   0.00000000e+00  -1.00000000e+00      0 0.00000000e+00 0.00000000e+00 1.00000000e+00
    29    0   1.34209936e-02   1.38055534e-02      0      0   0.00000000e+00   0.00000000e+00  -1.00000000e+00      0 0.00000000e+00 0.00000000e+00 1.00000000e+00
    29    1   1.41901133e-02   1.46708131e-02      0      0   0.00000000e+00   0.00000000e+00  -1.00000000e+00      0 0.00000000e+00 0.00000000e+00 1.00000000e+00
    29    2   1.43823932e-02   1.51034429e-02      0      0   0.00000000e+00   0.00000000e+00  -1.00000000e+00      0 0.00000000e+00 0.00000000e+00 1.00000000e+00
    30    0   1.48630930e-02   1.52861088e-02      0      0   0.00000000e+00   0.00000000e+00  -1.00000000e+00      0 0.00000000e+00 0.00000000e+00 1.00000000e+00
    30    1   1.57091246e-02   1.62378944e-02      0      0   0.00000000e+00   0.00000000e+00  -1.00000000e+00      0 0.00000000e+00 0.00000000e+00 1.00000000e+00
    30    2   1.59206325e-02   1.67137872e-02      0      0   0.00000000e+00   0.00000000e+00  -1.00000000e+00      0 0.00000000e+00 0.00000000e+00 1.00000000e+00
    31    0   1.64494023e-02   1.69147197e-02      0      0   0.00000000e+00   0.00000000e+00  -1.00000000e+00      0 0.00000000e+00 0.00000000e+00 1.00000000e+00
    31    1   1.73800371e-02   1.79616838e-02      0      0   0.00000000e+00   0.00000000e+00  -1.00000000e+00      0 0.00000000e+00 0.00000000e+00 1.00000000e+00
    31    2   1.76126958e-02   1.84851659e-02      0      0   0.00000000e+00   0.00000000e+00  -1.00000000e+00      0 0.00000000e+00 0.00000000e+00 1.00000000e+00
    32    0   1.81943425e-02   1.87061916e-02      0      0   0.00000000e+00   0.00000000e+00  -1.00000000e+00      0 0.00000000e+00 0.00000000e+00 1.00000000e+00
    32    1   1.92180408e-02   1.98578522e-02      0      0   0.00000000e+00   0.00000000e+00  -1.00000000e+00      0 0.00000000e+00 0.00000000e+00 1.00000000e+00
    32    2   1.94739653e-02   2.04336825e-02      0      0   0.00000000e+00   0.00000000e+00  -1.00000000e+00      0 0.00000000e+00 0.00000000e+00 1.00000000e+00
    33    0   2.01137767e-02   2.06768108e-02      0      0   0.00000000e+00   0.00000000e+00  -1.00000000e+00      0 0.00000000e+00 0.00000000e+00 1.00000000e+00
    33    1   2.12398448e-02   2.19436374e-02      0      0   0.00000000e+00   0.00000000e+00  -1.00000000e+00      0 0.00000000e+00 0.00000000e+00 1.00000000e+00
    33    2   2.15213619e-02   2.25770507e-02      0      0   0.00000000e+00   0.00000000e+00  -1.00000000e+00      0 0.00000000e+00 0.00000000e+00 1.00000000e+00
    34    0   2.22251544e-02   2.28444919e-02      0      0   0.00000000e+00   0.00000000e+00  -1.00000000e+00      0 0.00000000e+00 0.00000000e+00 1.00000000e+00
    34    1   2.34638293e-02   2.42380011e-02      0      0   0.00000000e+00   0.00000000e+00  -1.00000000e+00      0 0.00000000e+00 0.00000000e+00 1.00000000e+00
    34    2   2.37734980e-02   2.49347558e-02      0      0   0.00000000e+00   0.00000000e+00  -1.00000000e+00      0 0.00000000e+00 0.00000000e+00 1.00000000e+00
    35    0   2.45476699e-02   2.52289411e-02      0      0   0.00000000e+00   0.00000000e+00  -1.00000000e+00      0 0.00000000e+00 0.00000000e+00 1.00000000e+00
    35    1   2.59102123e-02   2.67618012e-02      0      0   0.00000000e+00   0.00000000e+00  -1.00000000e+00      0 0.00000000e+00 0.00000000e+00 1.00000000e+00
    35    2   2.62508479e-02   2.75282313e-02      0      0   0.00000000e+00   0.00000000e+00  -1.00000000e+00      0 0.00000000e+00 0.00000000e+00 1.00000000e+00
    36    0   2.71024368e-02   2.78518352e-02      0      0   0.00000000e+00   0.00000000e+00  -1.00000000e+00      0 0.00000000e+00 0.00000000e+00 1.00000000e+00
    36    1   2.86012335e-02   2.95379814e-02      0      0   0.00000000e+00   0.00000000e+00  -1.00000000e+00      0 0.00000000e+00 0.00000000e+00 1.00000000e+00
    36    2   2.89759326e-02   3.03810545e-02      0      0   0.00000000e+00   0.00000000e+00  -1.00000000e+00      0 0.00000000e+00 0.00000000e+00 1.00000000e+00
    37    0   2.99126805e-02   3.07370187e-02      0      0   0.00000000e+00   0.00000000e+00  -1.00000000e+00      0 0.00000000e+00 0.00000000e+00 1.00000000e+00
    37    1   3.15613568e-02   3.25917795e-02      0      0   0.00000000e+00   0.00000000e+00  -1.00000000e+00      0 0.00000000e+00 0.00000000e+00 1.00000000e+00
    37    2   3.19735259e-02   3.35191599e-02      0      0   0.00000000e+00   0.00000000e+00  -1.00000000e+00      0 0.00000000e+00 0.00000000e+00 1.00000000e+00
    38    0   3.30039486e-02   3.39107205e-02      0      0   0.00000000e+00   0.00000000e+00  -1.00000000e+00      0 0.00000000e+00 0.00000000e+00 1.00000000e+00
    38    1   3.48174925e-02   3.59509575e-02      0      0   0.00000000e+00   0.00000000e+00  -1.00000000e+00      0 0.00000000e+00 0.00000000e+00 1.00000000e+00
    38    2   3.52708785e-02   3.69710759e-02      0      0   0.00000000e+00   0.00000000e+00  -1.00000000e+00      0 0.00000000e+00 0.00000000e+00 1.00000000e+00
    39    0   3.64043434e-02   3.74017926e-02      0      0   0.00000000e+00   0.00000000e+00  -1.00000000e+00      0 0.00000000e+00 0.00000000e+00 1.00000000e+00
    39    1   3.83992418e-02   3.96460532e-02      0      0   0.00000000e+00   0.00000000e+00  -1.00000000e+00      0 0.00000000e+00 0.00000000e+00 1.00000000e+00
    39    2   3.88979663e-02   4.07681835e-02      0      0   0.00000000e+00   0.00000000e+00  -1.00000000e+00      0 0.00000000e+00 0.00000000e+00 1.00000000e+00
    40    0   4.01447778e-02   4.12419719e-02      0      0   0.00000000e+00   0.00000000e+00  -1.00000000e+00      0 0.00000000e+00 0.00000000e+00 1.00000000e+00
    40    1   4.23391659e-02   4.37106585e-02      0      0   0.00000000e+00   0.00000000e+00  -1.00000000e+00      0 0.00000000e+00 0.00000000e+00 1.00000000e+00
    40    2   4.28877630e-02   4.49450019e-02      0      0   0.00000000e+00   0.00000000e+00  -1.00000000e+00      0 0.00000000e+00 0.00000000e+00 1.00000000e+00
    41    0   4.42592556e-02   4.54661690e-02      0      0   0.00000000e+00   0.00000000e+00  -1.00000000e+00      0 0.00000000e+00 0.00000000e+00 1.00000000e+00
    41    1   4.66730825e-02   4.81817244e-02      0      0   0.00000000e+00   0.00000000e+00  -1.00000000e+00      0 0.00000000e+00 0.00000000e+00 1.00000000e+00
    41    2   4.72765393e-02   4.95395021e-02      0      0   0.00000000e+00   0.00000000e+00  -1.00000000e+00      0 0.00000000e+00 0.00000000e+00 1.00000000e+00
    42    0   4.87851811e-02   5.01127860e-02      0      0   0.00000000e+00   0.00000000e+00  -1.00000000e+00      0 0.00000000e+00 0.00000000e+00 1.00000000e+00
    42    1   5.14403908e-02   5.30998968e-02      0      0   0.00000000e+00   0.00000000e+00  -1.00000000e+00      0 0.00000000e+00 0.00000000e+00 1.00000000e+00
    42    2   5.21041932e-02   5.45934523e-02      0      0   0.00000000e+00   0.00000000e+00  -1.00000000e+00      0 0.00000000e+00 0.00000000e+00 1.00000000e+00
    43    0   5.37636992e-02   5.52240646e-02      0      0   0.00000000e+00   0.00000000e+00  -1.00000000e+00      0 0.00000000e+00 0.00000000e+00 1.00000000e+00
    43    1   5.66844299e-02   5.85098865e-02      0      0   0.00000000e+00   0.00000000e+00  -1.00000000e+00      0 0.00000000e+00 0.00000000e+00 1.00000000e+00
    43    2   5.74146125e-02   6.01527975e-02      0      0   0.00000000e+00   0.00000000e+00  -1.00000000e+00      0 0.00000000e+00 0.00000000e+00 1.00000000e+00
    44    0   5.92400692e-02   6.08464710e-02      0      0   0.00000000e+00   0.00000000e+00  -1.00000000e+00      0 0.00000000e+00 0.00000000e+00 1.00000000e+00
    44    1   6.24528728e-02   6.44608752e-02      0      0   0.00000000e+00   0.00000000e+00  -1.00000000e+00      0 0.00000000e+00 0.00000000e+00 1.00000000e+00
    44    2   6.32560738e-02   6.62680772e-02      0      0   0.00000000e+00   0.00000000e+00  -1.00000000e+00      0 0.00000000e+00 0.00000000e+00 1.00000000e+00
    45    0   6.52640761e-02   6.70311181e-02      0      0   0.00000000e+00   0.00000000e+00  -1.00000000e+00      0 0.00000000e+00 0.00000000e+00 1.00000000e+00
    45    1   6.87981601e-02   7.10069627e-02      0      0   0.00000000e+00   0.00000000e+00  -1.00000000e+00      0 0.00000000e+00 0.00000000e+00 1.00000000e+00
    45    2   6.96816811e-02   7.29948850e-02      0      0   0.00000000e+00   0.00000000e+00  -1.00000000e+00      0 0.00000000e+00 0.00000000e+00 1.00000000e+00
    46    0   7.18904837e-02   7.38342299e-02      0      0   0.00000000e+00   0.00000000e+00  -1.00000000e+00      0 0.00000000e+00 0.00000000e+00 1.00000000e+00
    46    1   7.57779761e-02   7.82076589e-02      0      0   0.00000000e+00   0.00000000e+00  -1.00000000e+00      0 0.00000000e+00 0.00000000e+00 1.00000000e+00
    46    2   7.67498493e-02   8.03943734e-02      0      0   0.00000000e+00   0.00000000e+00  -1.00000000e+00      0 0.00000000e+00 0.00000000e+00 1.00000000e+00
    47    0   7.91795321e-02   8.13176529e-02      0      0   0.00000000e+00   0.00000000e+00  -1.00000000e+00      0 0.00000000e+00 0.00000000e+00 1.00000000e+00
    47    1   8.34557738e-02   8.61284248e-02      0      0   0.00000000e+00   0.00000000e+00  -1.00000000e+00      0 0.00000000e+00 0.00000000e+00 1.00000000e+00
    47    2   8.45248342e-02   8.85338108e-02      0      0   0.00000000e+00   0.00000000e+00  -1.00000000e+00      0 0.00000000e+00 0.00000000e+00 1.00000000e+00
    48    0   8.71974853e-02   8.95494182e-02      0      0   0.00000000e+00   0.00000000e+00  -1.00000000e+00      0 0.00000000e+00 0.00000000e+00 1.00000000e+00
    48    1   9.19013511e-02   9.48412673e-02      0      0   0.00000000e+00   0.00000000e+00  -1.00000000e+00      0 0.00000000e+00 0.00000000e+00 1.00000000e+00
    48    2   9.30773176e-02   9.74871919e-02      0      0   0.00000000e+00   0.00000000e+00  -1.00000000e+00      0 0.00000000e+00 0.00000000e+00 1.00000000e+00
    49    0   9.60172338e-02   9.86043600e-02      0      0   0.00000000e+00   0.00000000e+00  -1.00000000e+00      0 0.00000000e+00 0.00000000e+00 1.00000000e+00
    49    1   1.01191486e-01   1.04425394e-01      0      0   0.00000000e+00   0.00000000e+00  -1.00000000e+00      0 0.00000000e+00 0.00000000e+00 1.00000000e+00
    49    2   1.02485049e-01   1.07335911e-01      0      0   0.00000000e+00   0.00000000e+00  -1.00000000e+00      0 0.00000000e+00 0.00000000e+00 1.00000000e+00
    50    0   1.05718957e-01   1.08564796e-01      0      0   0.00000000e+00   0.00000000e+00  -1.00000000e+00      0 0.00000000e+00 0.00000000e+00 1.00000000e+00
    50    1   1.11410635e-01   1.14967933e-01      0      0   0.00000000e+00   0.00000000e+00  -1.00000000e+00      0 0.00000000e+00 0.00000000e+00 1.00000000e+00
    50    2   1.12833554e-01   1.18169502e-01      0      0   0.00000000e+00   0.00000000e+00  -1.00000000e+00      0 0.00000000e+00 0.00000000e+00 1.00000000e+00
    51    0   1.16390853e-01   1.19521276e-01      0      0   0.00000000e+00   0.00000000e+00  -1.00000000e+00      0 0.00000000e+00 0.00000000e+00 1.00000000e+00
    51    1   1.22651698e-01   1.26564727e-01      0      0   0.00000000e+00   0.00000000e+00  -1.00000000e+00      0 0.00000000e+00 0.00000000e+00 1.00000000e+00
    51    2   1.24216910e-01   1.30086452e-01      0      0   0.00000000e+00   0.00000000e+00  -1.00000000e+00      0 0.00000000e+00 0.00000000e+00 1.00000000e+00
    52    0   1.28129938e-01   1.31573403e-01      0      0   0.00000000e+00   0.00000000e+00  -1.00000000e+00      0 0.00000000e+00 0.00000000e+00 1.00000000e+00
    52    1   1.35016868e-01   1.39321199e-01      0      0   0.00000000e+00   0.00000000e+00  -1.00000000e+00      0 0.00000000e+00 0.00000000e+00 1.00000000e+00
    52    2   1.36738601e-01   1.43195098e-01      0      0   0.00000000e+00   0.00000000e+00  -1.00000000e+00      0 0.00000000e+00 0.00000000e+00 1.00000000e+00
    53    0   1.41042932e-01   1.44830744e-01      0      0   0.00000000e+00   0.00000000e+00  -1.00000000e+00      0 0.00000000e+00 0.00000000e+00 1.00000000e+00
    53    1   1.48618555e-01   1.53353319e-01      0      0   0.00000000e+00   0.00000000e+00  -1.00000000e+00      0 0.00000000e+00 0.00000000e+00 1.00000000e+00
    53    2   1.50512461e-01   1.57614607e-01      0      0   0.00000000e+00   0.00000000e+00  -1.00000000e+00      0 0.00000000e+00 0.00000000e+00 1.00000000e+00
    54    0   1.55247225e-01   1.59413818e-01      0      0   0.00000000e+00   0.00000000e+00  -1.00000000e+00      0 0.00000000e+00 0.00000000e+00 1.00000000e+00
    54    1   1.63580411e-01   1.68788651e-01      0      0   0.00000000e+00   0.00000000e+00  -1.00000000e+00      0 0.00000000e+00 0.00000000e+00 1.00000000e+00
    54    2   1.65663707e-01   1.73476068e-01      0      0   0.00000000e+00   0.00000000e+00  -1.00000000e+00      0 0.00000000e+00 0.00000000e+00 1.00000000e+00
    55    0   1.70871948e-01   1.75455200e-01      0      0   0.00000000e+00   0.00000000e+00  -1.00000000e+00      0 0.00000000e+00 0.00000000e+00 1.00000000e+00
    55    1   1.80038452e-01   1.85767517e-01      0      0   0.00000000e+00   0.00000000e+00  -1.00000000e+00      0 0.00000000e+00 0.00000000e+00 1.00000000e+00
    55    2   1.82330078e-01   1.90923675e-01      0      0   0.00000000e+00   0.00000000e+00  -1.00000000e+00      0 0.00000000e+00 0.00000000e+00 1.00000000e+00
    56    0   1.88059142e-01   1.93100720e-01      0      0   0.00000000e+00   0.00000000e+00  -1.00000000e+00      0 0.00000000e+00 0.00000000e+00 1.00000000e+00
    56    1   1.98142297e-01   2.04444268e-01      0      0   0.00000000e+00   0.00000000e+00  -1.00000000e+00      0 0.00000000e+00 0.00000000e+00 1.00000000e+00
    56    2   2.00663085e-01   2.10116042e-01      0      0   0.00000000e+00   0.00000000e+00  -1.00000000e+00      0 0.00000000e+00 0.00000000e+00 1.00000000e+00
    57    0   2.06965057e-01   2.12510792e-01      0      0   0.00000000e+00   0.00000000e+00  -1.00000000e+00      0 0.00000000e+00 0.00000000e+00 1.00000000e+00
    57    1   2.18056526e-01   2.24988695e-01      0      0   0.00000000e+00   0.00000000e+00  -1.00000000e+00      0 0.00000000e+00 0.00000000e+00 1.00000000e+00
    57    2   2.20829394e-01   2.31227647e-01      0      0   0.00000000e+00   0.00000000e+00  -1.00000000e+00      0 0.00000000e+00 0.00000000e+00 1.00000000e+00
    58    0   2.27761562e-01   2.33861871e-01      0      0   0.00000000e+00   0.00000000e+00  -1.00000000e+00      0 0.00000000e+00 0.00000000e+00 1.00000000e+00
    58    1   2.39962179e-01   2.47587564e-01      0      0   0.00000000e+00   0.00000000e+00  -1.00000000e+00      0 0.00000000e+00 0.00000000e+00 1.00000000e+00
    58    2   2.43012333e-01   2.54450411e-01      0      0   0.00000000e+00   0.00000000e+00  -1.00000000e+00      0 0.00000000e+00 0.00000000e+00 1.00000000e+00
    59    0   2.50637719e-01   2.57348058e-01      0      0   0.00000000e+00   0.00000000e+00  -1.00000000e+00      0 0.00000000e+00 0.00000000e+00 1.00000000e+00
    59    1   2.64058397e-01   2.72446321e-01      0      0   0.00000000e+00   0.00000000e+00  -1.00000000e+00      0 0.00000000e+00 0.00000000e+00 1.00000000e+00
    59    2   2.67413567e-01   2.79995452e-01      0      0   0.00000000e+00   0.00000000e+00  -1.00000000e+00      0 0.00000000e+00 0.00000000e+00 1.00000000e+00
    60    0   2.75801490e-01   2.83182864e-01      0      0   0.00000000e+00   0.00000000e+00  -1.00000000e+00      0 0.00000000e+00 0.00000000e+00 1.00000000e+00
    60    1   2.90564237e-01   2.99790953e-01      0      0   0.00000000e+00   0.00000000e+00  -1.00000000e+00      0 0.00000000e+00 0.00000000e+00 1.00000000e+00
    60    2   2.94254923e-01   3.08094998e-01      0      0   0.00000000e+00   0.00000000e+00  -1.00000000e+00      0 0.00000000e+00 0.00000000e+00 1.00000000e+00
    61    0   3.03481640e-01   3.11601150e-01      0      0   0.00000000e+00   0.00000000e+00  -1.00000000e+00      0 0.00000000e+00 0.00000000e+00 1.00000000e+00
    61    1   3.19720660e-01   3.29870048e-01      0      0   0.00000000e+00   0.00000000e+00  -1.00000000e+00      0 0.00000000e+00 0.00000000e+00 1.00000000e+00
    61    2   3.23780416e-01   3.39004497e-01      0      0   0.00000000e+00   0.00000000e+00  -1.00000000e+00      0 0.00000000e+00 0.00000000e+00 1.00000000e+00
    62    0   3.33929803e-01   3.42861265e-01      0      0   0.00000000e+00   0.00000000e+00  -1.00000000e+00      0 0.00000000e+00 0.00000000e+00 1.00000000e+00
    62    1   3.51792726e-01   3.62957053e-01      0      0   0.00000000e+00   0.00000000e+00  -1.00000000e+00      0 0.00000000e+00 0.00000000e+00 1.00000000e+00
    62    2   3.56258457e-01   3.73004947e-01      0      0   0.00000000e+00   0.00000000e+00  -1.00000000e+00      0 0.00000000e+00 0.00000000e+00 1.00000000e+00
    63    0   3.67422784e-01   3.77247391e-01      0      0   0.00000000e+00   0.00000000e+00  -1.00000000e+00      0 0.00000000e+00 0.00000000e+00 1.00000000e+00
    63    1   3.87071999e-01   3.99352758e-01      0      0   0.00000000e+00   0.00000000e+00  -1.00000000e+00      0 0.00000000e+00 0.00000000e+00 1.00000000e+00
    63    2   3.91984303e-01   4.10405442e-01      0      0   0.00000000e+00   0.00000000e+00  -1.00000000e+00      0 0.00000000e+00 0.00000000e+00 1.00000000e+00
    64    0   4.04265062e-01   4.15072131e-01      0      0   0.00000000e+00   0.00000000e+00  -1.00000000e+00      0 0.00000000e+00 0.00000000e+00 1.00000000e+00
    64    1   4.25879199e-01   4.39388034e-01      0      0   0.00000000e+00   0.00000000e+00  -1.00000000e+00      0 0.00000000e+00 0.00000000e+00 1.00000000e+00
    64    2   4.31282733e-01   4.51545986e-01      0      0   0.00000000e+00   0.00000000e+00  -1.00000000e+00      0 0.00000000e+00 0.00000000e+00 1.00000000e+00
    65    0   4.44791568e-01   4.56679344e-01      0      0   0.00000000e+00   0.00000000e+00  -1.00000000e+00      0 0.00000000e+00 0.00000000e+00 1.00000000e+00
    65    1   4.68567119e-01   4.83426838e-01      0      0   0.00000000e+00   0.00000000e+00  -1.00000000e+00      0 0.00000000e+00 0.00000000e+00 1.00000000e+00
    65    2   4.74511006e-01   4.96800585e-01      0      0   0.00000000e+00   0.00000000e+00  -1.00000000e+00      0 0.00000000e+00 0.00000000e+00 1.00000000e+00
    66    0   4.89370725e-01   5.02447278e-01      0      0   0.00000000e+00   0.00000000e+00  -1.00000000e+00      0 0.00000000e+00 0.00000000e+00 1.00000000e+00
    66    1   5.15523831e-01   5.31869521e-01      0      0   0.00000000e+00   0.00000000e+00  -1.00000000e+00      0 0.00000000e+00 0.00000000e+00 1.00000000e+00
    66    2   5.22062107e-01   5.46580643e-01      0      0   0.00000000e+00   0.00000000e+00  -1.00000000e+00      0 0.00000000e+00 0.00000000e+00 1.00000000e+00
    67    0   5.38407798e-01   5.51741131e-01      0      0   0.00000000e+00   0.00000000e+00  -1.00000000e+00      0 0.00000000e+00 0.00000000e+00 1.00000000e+00
    67    1   5.65074464e-01   5.81741131e-01      0      0   0.00000000e+00   0.00000000e+00  -1.00000000e+00      0 0.00000000e+00 0.00000000e+00 1.00000000e+00
    67    2   5.71741131e-01   5.96741131e-01      0      0   0.00000000e+00   0.00000000e+00  -1.00000000e+00      0 0.00000000e+00 0.00000000e+00 1.00000000e+00
    68    0   5.88407798e-01   6.01741131e-01      0      0   0.00000000e+00   0.00000000e+00  -1.00000000e+00      0 0.00000000e+00 0.00000000e+00 1.00000000e+00
    68    1   6.15074464e-01   6.31741131e-01      0      0   0.00000000e+00   0.00000000e+00  -1.00000000e+00      0 0.00000000e+00 0.00000000e+00 1.00000000e+00
    68    2   6.21741131e-01   6.46741131e-01      0      0   0.00000000e+00   0.00000000e+00  -1.00000000e+00      0 0.00000000e+00 0.00000000e+00 1.00000000e+00
    69    0   6.38407798e-01   6.51741131e-01      0      0   0.00000000e+00   0.00000000e+00  -1.00000000e+00      0 0.00000000e+00 0.00000000e+00 1.00000000e+00
    69    1   6.65074464e-01   6.81741131e-01      0      0   0.00000000e+00   0.00000000e+00  -1.00000000e+00      0 0.00000000e+00 0.00000000e+00 1.00000000e+00
    69    2   6.71741131e-01   6.96741131e-01      0      0   0.00000000e+00   0.00000000e+00  -1.00000000e+00      0 0.00000000e+00 0.00000000e+00 1.00000000e+00
    70    0   6.88407798e-01   7.01741131e-01      0      0   0.00000000e+00   0.00000000e+00  -1.00000000e+00      0 0.00000000e+00 0.00000000e+00 1.00000000e+00
    70    1   7.15074464e-01   7.31741131e-01      0      0   0.00000000e+00   0.00000000e+00  -1.00000000e+00      0 0.00000000e+00 0.00000000e+00 1.00000000e+00
    70    2   7.21741131e-01   7.46741131e-01      0      0   0.00000000e+00   0.00000000e+00  -1.00000000e+00      0 0.00000000e+00 0.00000000e+00 1.00000000e+00
    71    0   7.38407798e-01   7.51741131e-01      0      0   0.00000000e+00   0.00000000e+00  -1.00000000e+00      0 0.00000000e+00 0.00000000e+00 1.00000000e+00
    71    1   7.65074464e-01   7.81741131e-01      0      0   0.00000000e+00   0.00000000e+00  -1.00000000e+00      0 0.00000000e+00 0.00000000e+00 1.00000000e+00
    71    2   7.71741131e-01   7.96741131e-01      0      0   0.00000000e+00   0.00000000e+00  -1.00000000e+00      0 0.00000000e+00 0.00000000e+00 1.00000000e+00
    72    0   7.88407798e-01   8.01741131e-01      0      0   0.00000000e+00   0.00000000e+00  -1.00000000e+00      0 0.00000000e+00 0.00000000e+00 1.00000000e+00
     1    0   0.00000000e+00   2.66666667e-05      0      0   0.00000000e+00   0.00000000e+00  -1.00000000e+00      0 0.00000000e+00 0.00000000e+00 1.00000000e+00
     1    1   5.33333333e-05   8.66666667e-05      0      0   0.00000000e+00   0.00000000e+00  -1.00000000e+00      0 0.00000000e+00 0.00000000e+00 1.00000000e+00
     1    2   6.66666667e-05   1.16666667e-04      0      0   0.00000000e+00   0.00000000e+00  -1.00000000e+00      0 0.00000000e+00 0.00000000e+00 1.00000000e+00
     2    0   1.00000000e-04   1.29333333e-04      0      0   0.00000000e+00   0.00000000e+00  -1.00000000e+00      0 0.00000000e+00 0.00000000e+00 1.00000000e+00
     2    1   1.58666667e-04   1.95333333e-04      0      0   0.00000000e+00   0.00000000e+00  -1.00000000e+00      0 0.00000000e+00 0.00000000e+00 1.00000000e+00
     2    2   1.73333333e-04   2.28333333e-04      0      0   0.00000000e+00   0.00000000e+00  -1.00000000e+00      0 0.00000000e+00 0.00000000e+00 1.00000000e+00
     3    0   2.10000000e-04   2.42266667e-04      0      0   0.00000000e+00   0.00000000e+00  -1.00000000e+00      0 0.00000000e+00 0.00000000e+00 1.00000000e+00
     3    1   2.74533333e-04   3.14866667e-04      0      0   0.00000000e+00   0.00000000e+00  -1.00000000e+00      0 0.00000000e+00 0.00000000e+00 1.00000000e+00
     3    2   2.90666667e-04   3.51166667e-04      0      0   0.00000000e+00   0.00000000e+00  -1.00000000e+00      0 0.00000000e+00 0.00000000e+00 1.00000000e+00
     4    0   3.31000000e-04   3.66493333e-04      0      0   0.00000000e+00   0.00000000e+00  -1.00000000e+00      0 0.00000000e+00 0.00000000e+00 1.00000000e+00
     4    1   4.01986667e-04   4.46353333e-04      0      0   0.00000000e+00   0.00000000e+00  -1.00000000e+00      0 0.00000000e+00 0.00000000e+00 1.00000000e+00
     4    2   4.19733333e-04   4.86283333e-04      0      0   0.00000000e+00   0.00000000e+00  -1.00000000e+00      0 0.00000000e+00 0.00000000e+00 1.00000000e+00
     5    0   4.64100000e-04   5.03142667e-04      0      0   0.00000000e+00   0.00000000e+00  -1.00000000e+00      0 0.00000000e+00 0.00000000e+00 1.00000000e+00
     5    1   5.42185333e-04   5.90988667e-04      0      0   0.00000000e+00   0.00000000e+00  -1.00000000e+00      0 0.00000000e+00 0.00000000e+00 1.00000000e+00
     5    2   5.61706667e-04   6.34911667e-04      0      0   0.00000000e+00   0.00000000e+00  -1.00000000e+00      0 0.00000000e+00 0.00000000e+00 1.00000000e+00
     6    0   6.10510000e-04   6.53456933e-04      0      0   0.00000000e+00   0.00000000e+00  -1.00000000e+00      0 0.00000000e+00 0.00000000e+00 1.00000000e+00
     6    1   6.96403867e-04   7.50087533e-04      0      0   0.00000000e+00   0.00000000e+00  -1.00000000e+00      0 0.00000000e+00 0.00000000e+00 1.00000000e+00
     6    2   7.17877333e-04   7.98402833e-04      0      0   0.00000000e+00   0.00000000e+00  -1.00000000e+00      0 0.00000000e+00 0.00000000e+00 1.00000000e+00
     7    0   7.71561000e-04   8.18802627e-04      0      0   0.00000000e+00   0.00000000e+00  -1.00000000e+00      0 0.00000000e+00 0.00000000e+00 1.00000000e+00
     7    1   8.66044253e-04   9.25096287e-04      0      0   0.00000000e+00   0.00000000e+00  -1.00000000e+00      0 0.00000000e+00 0.00000000e+00 1.00000000e+00
     7    2   8.89665067e-04   9.78243117e-04      0      0   0.00000000e+00   0.00000000e+00  -1.00000000e+00      0 0.00000000e+00 0.00000000e+00 1.00000000e+00
     8    0   9.48717100e-04   1.00068289e-03      0      0   0.00000000e+00   0.00000000e+00  -1.00000000e+00      0 0.00000000e+00 0.00000000e+00 1.00000000e+00
     8    1   1.05264868e-03   1.11760592e-03      0      0   0.00000000e+00   0.00000000e+00  -1.00000000e+00      0 0.00000000e+00 0.00000000e+00 1.00000000e+00
     8    2   1.07863157e-03   1.17606743e-03      0      0   0.00000000e+00   0.00000000e+00  -1.00000000e+00      0 0.00000000e+00 0.00000000e+00 1.00000000e+00
     9    0   1.14358881e-03   1.20075118e-03      0      0   0.00000000e+00   0.00000000e+00  -1.00000000e+00      0 0.00000000e+00 0.00000000e+00 1.00000000e+00
     9    1   1.25791355e-03   1.32936651e-03      0      0   0.00000000e+00   0.00000000e+00  -1.00000000e+00      0 0.00000000e+00 0.00000000e+00 1.00000000e+00
     9    2   1.28649473e-03   1.39367417e-03      0      0   0.00000000e+00   0.00000000e+00  -1.00000000e+00      0 0.00000000e+00 0.00000000e+00 1.00000000e+00
    10    0   1.35794769e-03   1.42082630e-03      0      0   0.00000000e+00   0.00000000e+00  -1.00000000e+00      0 0.00000000e+00 0.00000000e+00 1.00000000e+00
    10    1   1.48370490e-03   1.56230316e-03      0      0   0.00000000e+00   0.00000000e+00  -1.00000000e+00      0 0.00000000e+00 0.00000000e+00 1.00000000e+00
    10    2   1.51514420e-03   1.63304159e-03      0      0   0.00000000e+00   0.00000000e+00  -1.00000000e+00      0 0.00000000e+00 0.00000000e+00 1.00000000e+00
    11    0   1.59374246e-03   1.66290893e-03      0      0   0.00000000e+00   0.00000000e+00  -1.00000000e+00      0 0.00000000e+00 0.00000000e+00 1.00000000e+00
    11    1   1.73207539e-03   1.81853347e-03      0      0   0.00000000e+00   0.00000000e+00  -1.00000000e+00      0 0.00000000e+00 0.00000000e+00 1.00000000e+00
    11    2   1.76665862e-03   1.89634575e-03      0      0   0.00000000e+00   0.00000000e+00  -1.00000000e+00      0 0.00000000e+00 0.00000000e+00 1.00000000e+00
    12    0   1.85311671e-03   1.92919982e-03      0      0   0.00000000e+00   0.00000000e+00  -1.00000000e+00      0 0.00000000e+00 0.00000000e+00 1.00000000e+00
    12    1   2.00528293e-03   2.10038682e-03      0      0   0.00000000e+00   0.00000000e+00  -1.00000000e+00      0 0.00000000e+00 0.00000000e+00 1.00000000e+00
    12    2   2.04332449e-03   2.18598032e-03      0      0   0.00000000e+00   0.00000000e+00  -1.00000000e+00      0 0.00000000e+00 0.00000000e+00 1.00000000e+00
    13    0   2.13842838e-03   2.22211980e-03      0      0   0.00000000e+00   0.00000000e+00  -1.00000000e+00      0 0.00000000e+00 0.00000000e+00 1.00000000e+00
    13    1   2.30581122e-03   2.41042550e-03      0      0   0.00000000e+00   0.00000000e+00  -1.00000000e+00      0 0.00000000e+00 0.00000000e+00 1.00000000e+00
    13    2   2.34765694e-03   2.50457835e-03      0      0   0.00000000e+00   0.00000000e+00  -1.00000000e+00      0 0.00000000e+00 0.00000000e+00 1.00000000e+00
    14    0   2.45227121e-03   2.54433178e-03      0      0   0.00000000e+00   0.00000000e+00  -1.00000000e+00      0 0.00000000e+00 0.00000000e+00 1.00000000e+00
    14    1   2.63639235e-03   2.75146805e-03      0      0   0.00000000e+00   0.00000000e+00  -1.00000000e+00      0 0.00000000e+00 0.00000000e+00 1.00000000e+00
    14    2   2.68242263e-03   2.85503619e-03      0      0   0.00000000e+00   0.00000000e+00  -1.00000000e+00      0 0.00000000e+00 0.00000000e+00 1.00000000e+00
    15    0   2.79749834e-03   2.89876496e-03      0      0   0.00000000e+00   0.00000000e+00  -1.00000000e+00      0 0.00000000e+00 0.00000000e+00 1.00000000e+00
    15    1   3.00003158e-03   3.12661486e-03      0      0   0.00000000e+00   0.00000000e+00  -1.00000000e+00      0 0.00000000e+00 0.00000000e+00 1.00000000e+00
    15    2   3.05066489e-03   3.24053981e-03      0      0   0.00000000e+00   0.00000000e+00  -1.00000000e+00      0 0.00000000e+00 0.00000000e+00 1.00000000e+00
    16    0   3.17724817e-03   3.28864145e-03      0      0   0.00000000e+00   0.00000000e+00  -1.00000000e+00      0 0.00000000e+00 0.00000000e+00 1.00000000e+00
    16    1   3.40003474e-03   3.53927634e-03      0      0   0.00000000e+00   0.00000000e+00  -1.00000000e+00      0 0.00000000e+00 0.00000000e+00 1.00000000e+00
    16    2   3.45573138e-03   3.66459379e-03      0      0   0.00000000e+00   0.00000000e+00  -1.00000000e+00      0 0.00000000e+00 0.00000000e+00 1.00000000e+00
    17    0   3.59497299e-03   3.71750560e-03      0      0   0.00000000e+00   0.00000000e+00  -1.00000000e+00      0 0.00000000e+00 0.00000000e+00 1.00000000e+00
    17    1   3.84003821e-03   3.99320398e-03      0      0   0.00000000e+00   0.00000000e+00  -1.00000000e+00      0 0.00000000e+00 0.00000000e+00 1.00000000e+00
    17    2   3.90130452e-03   4.13105317e-03      0      0   0.00000000e+00   0.00000000e+00  -1.00000000e+00      0 0.00000000e+00 0.00000000e+00 1.00000000e+00
    18    0   4.05447028e-03   4.18925616e-03      0      0   0.00000000e+00   0.00000000e+00  -1.00000000e+00      0 0.00000000e+00 0.00000000e+00 1.00000000e+00
    18    1   4.32404203e-03   4.49252438e-03      0      0   0.00000000e+00   0.00000000e+00  -1.00000000e+00      0 0.00000000e+00 0.00000000e+00 1.00000000e+00
    18    2   4.39143497e-03   4.64415848e-03      0      0   0.00000000e+00   0.00000000e+00  -1.00000000e+00      0 0.00000000e+00 0.00000000e+00 1.00000000e+00
    19    0   4.55991731e-03   4.70818178e-03      0      0   0.00000000e+00   0.00000000e+00  -1.00000000e+00      0 0.00000000e+00 0.00000000e+00 1.00000000e+00
    19    1   4.85644624e-03   5.04177681e-03      0      0   0.00000000e+00   0.00000000e+00  -1.00000000e+00      0 0.00000000e+00 0.00000000e+00 1.00000000e+00
    19    2   4.93057847e-03   5.20857433e-03      0      0   0.00000000e+00   0.00000000e+00  -1.00000000e+00      0 0.00000000e+00 0.00000000e+00 1.00000000e+00
    20    0   5.11590904e-03   5.27899995e-03      0      0   0.00000000e+00   0.00000000e+00  -1.00000000e+00      0 0.00000000e+00 0.00000000e+00 1.00000000e+00
    20    1   5.44209086e-03   5.64595450e-03      0      0   0.00000000e+00   0.00000000e+00  -1.00000000e+00      0 0.00000000e+00 0.00000000e+00 1.00000000e+00
    20    2   5.52363631e-03   5.82943177e-03      0      0   0.00000000e+00   0.00000000e+00  -1.00000000e+00      0 0.00000000e+00 0.00000000e+00 1.00000000e+00
    21    0   5.72749995e-03   5.90689995e-03      0      0   0.00000000e+00   0.00000000e+00  -1.00000000e+00      0 0.00000000e+00 0.00000000e+00 1.00000000e+00
    21    1   6.08629995e-03   6.31054994e-03      0      0   0.00000000e+00   0.00000000e+00  -1.00000000e+00      0 0.00000000e+00 0.00000000e+00 1.00000000e+00
    21    2   6.17599995e-03   6.51237494e-03      0      0   0.00000000e+00   0.00000000e+00  -1.00000000e+00      0 0.00000000e+00 0.00000000e+00 1.00000000e+00
    22    0   6.40024994e-03   6.59758994e-03      0      0   0.00000000e+00   0.00000000e+00  -1.00000000e+00      0 0.00000000e+00 0.00000000e+00 1.00000000e+00
    22    1   6.79492994e-03   7.04160494e-03      0      0   0.00000000e+00   0.00000000e+00  -1.00000000e+00      0 0.00000000e+00 0.00000000e+00 1.00000000e+00
    22    2   6.89359994e-03   7.26361244e-03      0      0   0.00000000e+00   0.00000000e+00  -1.00000000e+00      0 0.00000000e+00 0.00000000e+00 1.00000000e+00
    23    0   7.14027494e-03   7.35734894e-03      0      0   0.00000000e+00   0.00000000e+00  -1.00000000e+00      0 0.00000000e+00 0.00000000e+00 1.00000000e+00
    23    1   7.57442294e-03   7.84576543e-03      0      0   0.00000000e+00   0.00000000e+00  -1.00000000e+00      0 0.00000000e+00 0.00000000e+00 1.00000000e+00
    23    2   7.68295993e-03   8.08997368e-03      0      0   0.00000000e+00   0.00000000e+00  -1.00000000e+00      0 0.00000000e+00 0.00000000e+00 1.00000000e+00
    24    0   7.95430243e-03   8.19308383e-03      0      0   0.00000000e+00   0.00000000e+00  -1.00000000e+00      0 0.00000000e+00 0.00000000e+00 1.00000000e+00
    24    1   8.43186523e-03   8.73034198e-03      0      0   0.00000000e+00   0.00000000e+00  -1.00000000e+00      0 0.00000000e+00 0.00000000e+00 1.00000000e+00
    24    2   8.55125593e-03   8.99897105e-03      0      0   0.00000000e+00   0.00000000e+00  -1.00000000e+00      0 0.00000000e+00 0.00000000e+00 1.00000000e+00
    25    0   8.84973268e-03   9.11239221e-03      0      0   0.00000000e+00   0.00000000e+00  -1.00000000e+00      0 0.00000000e+00 0.00000000e+00 1.00000000e+00
    25    1   9.37505175e-03   9.70337617e-03      0      0   0.00000000e+00   0.00000000e+00  -1.00000000e+00      0 0.00000000e+00 0.00000000e+00 1.00000000e+00
    25    2   9.50638152e-03   9.99886815e-03      0      0   0.00000000e+00   0.00000000e+00  -1.00000000e+00      0 0.00000000e+00 0.00000000e+00 1.00000000e+00
    26    0   9.83470594e-03   1.01236314e-02      0      0   0.00000000e+00   0.00000000e+00  -1.00000000e+00      0 0.00000000e+00 0.00000000e+00 1.00000000e+00
    26    1   1.04125569e-02   1.07737138e-02      0      0   0.00000000e+00   0.00000000e+00  -1.00000000e+00      0 0.00000000e+00 0.00000000e+00 1.00000000e+00
    26    2   1.05570197e-02   1.10987550e-02      0      0   0.00000000e+00   0.00000000e+00  -1.00000000e+00      0 0.00000000e+00 0.00000000e+00 1.00000000e+00
    27    0   1.09181765e-02   1.12359946e-02      0      0   0.00000000e+00   0.00000000e+00  -1.00000000e+00      0 0.00000000e+00 0.00000000e+00 1.00000000e+00
    27    1   1.15538126e-02   1.19510852e-02      0      0   0.00000000e+00   0.00000000e+00  -1.00000000e+00      0 0.00000000e+00 0.00000000e+00 1.00000000e+00
    27    2   1.17127216e-02   1.23086305e-02      0      0   0.00000000e+00   0.00000000e+00  -1.00000000e+00      0 0.00000000e+00 0.00000000e+00 1.00000000e+00
    28    0   1.21099942e-02   1.24595940e-02      0      0   0.00000000e+00   0.00000000e+00  -1.00000000e+00      0 0.00000000e+00 0.00000000e+00 1.00000000e+00
    28    1   1.28091939e-02   1.32461937e-02      0      0   0.00000000e+00   0.00000000e+00  -1.00000000e+00      0 0.00000000e+00 0.00000000e+00 1.00000000e+00
    28    2   1.29839938e-02   1.36394935e-02      0      0   0.00000000e+00   0.00000000e+00  -1.00000000e+00      0 0.00000000e+00 0.00000000e+00 1.00000000e+00
    29    0   1.34209936e-02   1.38055534e-02      0      0   0.00000000e+00   0.00000000e+00  -1.00000000e+00      0 0.00000000e+00 0.00000000e+00 1.00000000e+00
    29    1   1.41901133e-02   1.46708131e-02      0      0   0.00000000e+00   0.00000000e+00  -1.00000000e+00      0 0.00000000e+00 0.00000000e+00 1.00000000e+00
    29    2   1.43823932e-02   1.51034429e-02      0      0   0.00000000e+00   0.00000000e+00  -1.00000000e+00      0 0.00000000e+00 0.00000000e+00 1.00000000e+00
    30    0   1.48630930e-02   1.52861088e-02      0      0   0.00000000e+00   0.00000000e+00  -1.00000000e+00      0 0.00000000e+00 0.00000000e+00 1.00000000e+00
    30    1   1.57091246e-02   1.62378944e-02      0      0   0.00000000e+00   0.00000000e+00  -1.00000000e+00      0 0.00000000e+00 0.00000000e+00 1.00000000e+00
    30    2   1.59206325e-02   1.67137872e-02      0      0   0.00000000e+00   0.00000000e+00  -1.00000000e+00      0 0.00000000e+00 0.00000000e+00 1.00000000e+00
    31    0   1.64494023e-02   1.69147197e-02      0      0   0.00000000e+00   0.00000000e+00  -1.00000000e+00      0 0.00000000e+00 0.00000000e+00 1.00000000e+00
    31    1   1.73800371e-02   1.79616838e-02      0      0   0.00000000e+00   0.00000000e+00  -1.00000000e+00      0 0.00000000e+00 0.00000000e+00 1.00000000e+00
    31    2   1.76126958e-02   1.84851659e-02      0      0   0.00000000e+00   0.00000000e+00  -1.00000000e+00      0 0.00000000e+00 0.00000000e+00 1.00000000e+00
    32    0   1.81943425e-02   1.87061916e-02      0      0   0.00000000e+00   0.00000000e+00  -1.00000000e+00      0 0.00000000e+00 0.00000000e+00 1.00000000e+00
    32    1   1.92180408e-02   1.98578522e-02      0      0   0.00000000e+00   0.00000000e+00  -1.00000000e+00      0 0.00000000e+00 0.00000000e+00 1.00000000e+00
    32    2   1.94739653e-02   2.04336825e-02      0      0   0.00000000e+00   0.00000000e+00  -1.00000000e+00      0 0.00000000e+00 0.00000000e+00 1.00000000e+00
    33    0   2.01137767e-02   2.06768108e-02      0      0   0.00000000e+00   0.00000000e+00  -1.00000000e+00      0 0.00000000e+00 0.00000000e+00 1.00000000e+00
    33    1   2.12398448e-02   2.19436374e-02      0      0   0.00000000e+00   0.00000000e+00  -1.00000000e+00      0 0.00000000e+00 0.00000000e+00 1.00000000e+00
    33    2   2.15213619e-02   2.25770507e-02      0      0   0.00000000e+00   0.00000000e+00  -1.00000000e+00      0 0.00000000e+00 0.00000000e+00 1.00000000e+00
    34    0   2.22251544e-02   2.28444919e-02      0      0   0.00000000e+00   0.00000000e+00  -1.00000000e+00      0 0.00000000e+00 0.00000000e+00 1.00000000e+00
    34    1   2.34638293e-02   2.42380011e-02      0      0   0.00000000e+00   0.00000000e+00  -1.00000000e+00      0 0.00000000e+00 0.00000000e+00 1.00000000e+00
    34    2   2.37734980e-02   2.49347558e-02      0      0   0.00000000e+00   0.00000000e+00  -1.00000000e+00      0 0.00000000e+00 0.00000000e+00 1.00000000e+00
    35    0   2.45476699e-02   2.52289411e-02      0      0   0.00000000e+00   0.00000000e+00  -1.00000000e+00      0 0.00000000e+00 0.00000000e+00 1.00000000e+00
    35    1   2.59102123e-02   2.67618012e-02      0      0   0.00000000e+00   0.00000000e+00  -1.00000000e+00      0 0.00000000e+00 0.00000000e+00 1.00000000e+00
    35    2   2.62508479e-02   2.75282313e-02      0      0   0.00000000e+00   0.00000000e+00  -1.00000000e+00      0 0.00000000e+00 0.00000000e+00 1.00000000e+00
    36    0   2.71024368e-02   2.78518352e-02      0      0   0.00000000e+00   0.00000000e+00  -1.00000000e+00      0 0.00000000e+00 0.00000000e+00 1.00000000e+00
    36    1   2.86012335e-02   2.95379814e-02      0      0   0.00000000e+00   0.00000000e+00  -1.00000000e+00      0 0.00000000e+00 0.00000000e+00 1.00000000e+00
    36    2   2.89759326e-02   3.03810545e-02      0      0   0.00000000e+00   0.00000000e+00  -1.00000000e+00      0 0.00000000e+00 0.00000000e+00 1.00000000e+00
    37    0   2.99126805e-02   3.07370187e-02      0      0   0.00000000e+00   0.00000000e+00  -1.00000000e+00      0 0.00000000e+00 0.00000000e+00 1.00000000e+00
    37    1   3.15613568e-02   3.25917795e-02      0      0   0.00000000e+00   0.00000000e+00  -1.00000000e+00      0 0.00000000e+00 0.00000000e+00 1.00000000e+00
    37    2   3.19735259e-02   3.35191599e-02      0      0   0.00000000e+00   0.00000000e+00  -1.00000000e+00      0 0.00000000e+00 0.00000000e+00 1.00000000e+00
    38    0   3.30039486e-02   3.39107205e-02      0      0   0.00000000e+00   0.00000000e+00  -1.00000000e+00      0 0.00000000e+00 0.00000000e+00 1.00000000e+00
    38    1   3.48174925e-02   3.59509575e-02      0      0   0.00000000e+00   0.00000000e+00  -1.00000000e+00      0 0.00000000e+00 0.00000000e+00 1.00000000e+00
    38    2   3.52708785e-02   3.69710759e-02      0      0   0.00000000e+00   0.00000000e+00  -1.00000000e+00      0 0.00000000e+00 0.00000000e+00 1.00000000e+00
    39    0   3.64043434e-02   3.74017926e-02      0      0   0.00000000e+00   0.00000000e+00  -1.00000000e+00      0 0.00000000e+00 0.00000000e+00 1.00000000e+00
    39    1   3.83992418e-02   3.96460532e-02      0      0   0.00000000e+00   0.00000000e+00  -1.00000000e+00      0 0.00000000e+00 0.00000000e+00 1.00000000e+00
    39    2   3.88979663e-02   4.07681835e-02      0      0   0.00000000e+00   0.00000000e+00  -1.00000000e+00      0 0.00000000e+00 0.00000000e+00 1.00000000e+00
    40    0   4.01447778e-02   4.12419719e-02      0      0   0.00000000e+00   0.00000000e+00  -1.00000000e+00      0 0.00000000e+00 0.00000000e+00 1.00000000e+00
    40    1   4.23391659e-02   4.37106585e-02      0      0   0.00000000e+00   0.00000000e+00  -1.00000000e+00      0 0.00000000e+00 0.00000000e+00 1.00000000e+00
    40    2   4.28877630e-02   4.49450019e-02      0      0   0.00000000e+00   0.00000000e+00  -1.00000000e+00      0 0.00000000e+00 0.00000000e+00 1.00000000e+00
    41    0   4.42592556e-02   4.54661690e-02      0      0   0.00000000e+00   0.00000000e+00  -1.00000000e+00      0 0.00000000e+00 0.00000000e+00 1.00000000e+00
    41    1   4.66730825e-02   4.81817244e-02      0      0   0.00000000e+00   0.00000000e+00  -1.00000000e+00      0 0.00000000e+00 0.00000000e+00 1.00000000e+00
    41    2   4.72765393e-02   4.95395021e-02      0      0   0.00000000e+00   0.00000000e+00  -1.00000000e+00      0 0.00000000e+00 0.00000000e+00 1.00000000e+00
    42    0   4.87851811e-02   5.01127860e-02      0      0   0.00000000e+00   0.00000000e+00  -1.00000000e+00      0 0.00000000e+00 0.00000000e+00 1.00000000e+00
    42    1   5.14403908e-02   5.30998968e-02      0      0   0.00000000e+00   0.00000000e+00  -1.00000000e+00      0 0.00000000e+00 0.00000000e+00 1.00000000e+00
    42    2   5.21041932e-02   5.45934523e-02      0      0   0.00000000e+00   0.00000000e+00  -1.00000000e+00      0 0.00000000e+00 0.00000000e+00 1.00000000e+00
    43    0   5.37636992e-02   5.52240646e-02      0      0   0.00000000e+00   0.00000000e+00  -1.00000000e+00      0 0.00000000e+00 0.00000000e+00 1.00000000e+00
    43    1   5.66844299e-02   5.85098865e-02      0      0   0.00000000e+00   0.00000000e+00  -1.00000000e+00      0 0.00000000e+00 0.00000000e+00 1.00000000e+00
    43    2   5.74146125e-02   6.01527975e-02      0      0   0.00000000e+00   0.00000000e+00  -1.00000000e+00      0 0.00000000e+00 0.00000000e+00 1.00000000e+00
    44    0   5.92400692e-02   6.08464710e-02      0      0   0.00000000e+00   0.00000000e+00  -1.00000000e+00      0 0.00000000e+00 0.00000000e+00 1.00000000e+00
    44    1   6.24528728e-02   6.44608752e-02      0      0   0.00000000e+00   0.00000000e+00  -1.00000000e+00      0 0.00000000e+00 0.00000000e+00 1.00000000e+00
    44    2   6.32560738e-02   6.62680772e-02      0      0   0.00000000e+00   0.00000000e+00  -1.00000000e+00      0 0.00000000e+00 0.00000000e+00 1.00000000e+00
    45    0   6.52640761e-02   6.70311181e-02      0      0   0.00000000e+00   0.00000000e+00  -1.00000000e+00      0 0.00000000e+00 0.00000000e+00 1.00000000e+00
    45    1   6.87981601e-02   7.10069627e-02      0      0   0.00000000e+00   0.00000000e+00  -1.00000000e+00      0 0.00000000e+00 0.00000000e+00 1.00000000e+00
    45    2   6.96816811e-02   7.29948850e-02      0      0   0.00000000e+00   0.00000000e+00  -1.00000000e+00      0 0.00000000e+00 0.00000000e+00 1.00000000e+00
    46    0   7.18904837e-02   7.38342299e-02      0      0   0.00000000e+00   0.00000000e+00  -1.00000000e+00      0 0.00000000e+00 0.00000000e+00 1.00000000e+00
    46    1   7.57779761e-02   7.82076589e-02      0      0   0.00000000e+00   0.00000000e+00  -1.00000000e+00      0 0.00000000e+00 0.00000000e+00 1.00000000e+00
    46    2   7.67498493e-02   8.03943734e-02      0      0   0.00000000e+00   0.00000000e+00  -1.00000000e+00      0 0.00000000e+00 0.00000000e+00 1.00000000e+00
    47    0   7.91795321e-02   8.13176529e-02      0      0   0.00000000e+00   0.00000000e+00  -1.00000000e+00      0 0.00000000e+00 0.00000000e+00 1.00000000e+00
    47    1   8.34557738e-02   8.61284248e-02      0      0   0.00000000e+00   0.00000000e+00  -1.00000000e+00      0 0.00000000e+00 0.00000000e+00 1.00000000e+00
    47    2   8.45248342e-02   8.85338108e-02      0      0   0.00000000e+00   0.00000000e+00  -1.00000000e+00      0 0.00000000e+00 0.00000000e+00 1.00000000e+00
    48    0   8.71974853e-02   8.95494182e-02      0      0   0.00000000e+00   0.00000000e+00  -1.00000000e+00      0 0.00000000e+00 0.00000000e+00 1.00000000e+00
    48    1   9.19013511e-02   9.48412673e-02      0      0   0.00000000e+00   0.00000000e+00  -1.00000000e+00      0 0.00000000e+00 0.00000000e+00 1.00000000e+00
    48    2   9.30773176e-02   9.74871919e-02      0      0   0.00000000e+00   0.00000000e+00  -1.00000000e+00      0 0.00000000e+00 0.00000000e+00 1.00000000e+00
    49    0   9.60172338e-02   9.86043600e-02      0      0   0.00000000e+00   0.00000000e+00  -1.00000000e+00      0 0.00000000e+00 0.00000000e+00 1.00000000e+00
    49    1   1.01191486e-01   1.04425394e-01      0      0   0.00000000e+00   0.00000000e+00  -1.00000000e+00      0 0.00000000e+00 0.00000000e+00 1.00000000e+00
    49    2   1.02485049e-01   1.07335911e-01      0      0   0.00000000e+00   0.00000000e+00  -1.00000000e+00      0 0.00000000e+00 0.00000000e+00 1.00000000e+00
    50    0   1.05718957e-01   1.08564796e-01      0      0   0.00000000e+00   0.00000000e+00  -1.00000000e+00      0 0.00000000e+00 0.00000000e+00 1.00000000e+00
    50    1   1.11410635e-01   1.14967933e-01      0      0   0.00000000e+00   0.00000000e+00  -1.00000000e+00      0 0.00000000e+00 0.00000000e+00 1.00000000e+00
    50    2   1.12833554e-01   1.18169502e-01      0      0   0.00000000e+00   0.00000000e+00  -1.00000000e+00      0 0.00000000e+00 0.00000000e+00 1.00000000e+00
    51    0   1.16390853e-01   1.19521276e-01      0      0   0.00000000e+00   0.00000000e+00  -1.00000000e+00      0 0.00000000e+00 0.00000000e+00 1.00000000e+00
    51    1   1.22651698e-01   1.26564727e-01      0      0   0.00000000e+00   0.00000000e+00  -1.00000000e+00      0 0.00000000e+00 0.00000000e+00 1.00000000e+00
    51    2   1.24216910e-01   1.30086452e-01      0      0   0.00000000e+00   0.00000000e+00  -1.00000000e+00      0 0.00000000e+00 0.00000000e+00 1.00000000e+00
    52    0   1.28129938e-01   1.31573403e-01      0      0   0.00000000e+00   0.00000000e+00  -1.00000000e+00      0 0.00000000e+00 0.00000000e+00 1.00000000e+00
    52    1   1.35016868e-01   1.39321199e-01      0      0   0.00000000e+00   0.00000000e+00  -1.00000000e+00      0 0.00000000e+00 0.00000000e+00 1.00000000e+00
    52    2   1.36738601e-01   1.43195098e-01      0      0   0.00000000e+00   0.00000000e+00  -1.00000000e+00      0 0.00000000e+00 0.00000000e+00 1.00000000e+00
    53    0   1.41042932e-01   1.44830744e-01      0      0   0.00000000e+00   0.00000000e+00  -1.00000000e+00      0 0.00000000e+00 0.00000000e+00 1.00000000e+00
    53    1   1.48618555e-01   1.53353319e-01      0      0   0.00000000e+00   0.00000000e+00  -1.00000000e+00      0 0.00000000e+00 0.00000000e+00 1.00000000e+00
    53    2   1.50512461e-01   1.57614607e-01      0      0   0.00000000e+00   0.00000000e+00  -1.00000000e+00      0 0.00000000e+00 0.00000000e+00 1.00000000e+00
    54    0   1.55247225e-01   1.59413818e-01      0      0   0.00000000e+00   0.00000000e+00  -1.00000000e+00      0 0.00000000e+00 0.00000000e+00 1.00000000e+00
    54    1   1.63580411e-01   1.68788651e-01      0      0   0.00000000e+00   0.00000000e+00  -1.00000000e+00      0 0.00000000e+00 0.00000000e+00 1.00000000e+00
    54    2   1.65663707e-01   1.73476068e-01      0      0   0.00000000e+00   0.00000000e+00  -1.00000000e+00      0 0.00000000e+00 0.00000000e+00 1.00000000e+00
    55    0   1.70871948e-01   1.75455200e-01      0      0   0.00000000e+00   0.00000000e+00  -1.00000000e+00      0 0.00000000e+00 0.00000000e+00 1.00000000e+00
    55    1   1.80038452e-01   1.85767517e-01      0      0   0.00000000e+00   0.00000000e+00  -1.00000000e+00      0 0.00000000e+00 0.00000000e+00 1.00000000e+00
    55    2   1.82330078e-01   1.90923675e-01      0      0   0.00000000e+00   0.00000000e+00  -1.00000000e+00      0 0.00000000e+00 0.00000000e+00 1.00000000e+00
    56    0   1.88059142e-01   1.93100720e-01      0      0   0.00000000e+00   0.00000000e+00  -1.00000000e+00      0 0.00000000e+00 0.00000000e+00 1.00000000e+00
    56    1   1.98142297e-01   2.04444268e-01      0      0   0.00000000e+00   0.00000000e+00  -1.00000000e+00      0 0.00000000e+00 0.00000000e+00 1.00000000e+00
    56    2   2.00663085e-01   2.10116042e-01      0      0   0.00000000e+00   0.00000000e+00  -1.00000000e+00      0 0.00000000e+00 0.00000000e+00 1.00000000e+00
    57    0   2.06965057e-01   2.12510792e-01      0      0   0.00000000e+00   0.00000000e+00  -1.00000000e+00      0 0.00000000e+00 0.00000000e+00 1.00000000e+00
    57    1   2.18056526e-01   2.24988695e-01      0      0   0.00000000e+00   0.00000000e+00  -1.00000000e+00      0 0.00000000e+00 0.00000000e+00 1.00000000e+00
    57    2   2.20829394e-01   2.31227647e-01      0      0   0.00000000e+00   0.00000000e+00  -1.00000000e+00      0 0.00000000e+00 0.00000000e+00 1.00000000e+00
    58    0   2.27761562e-01   2.33861871e-01      0      0   0.00000000e+00   0.00000000e+00  -1.00000000e+00      0 0.00000000e+00 0.00000000e+00 1.00000000e+00
    58    1   2.39962179e-01   2.47587564e-01      0      0   0.00000000e+00   0.00000000e+00  -1.00000000e+00      0 0.00000000e+00 0.00000000e+00 1.00000000e+00
    58    2   2.43012333e-01   2.54450411e-01      0      0   0.00000000e+00   0.00000000e+00  -1.00000000e+00      0 0.00000000e+00 0.00000000e+00 1.00000000e+00
    59    0   2.50637719e-01   2.57348058e-01      0      0   0.00000000e+00   0.00000000e+00  -1.00000000e+00      0 0.00000000e+00 0.00000000e+00 1.00000000e+00
    59    1   2.64058397e-01   2.72446321e-01      0      0   0.00000000e+00   0.00000000e+00  -1.00000000e+00      0 0.00000000e+00 0.00000000e+00 1.00000000e+00
    59    2   2.67413567e-01   2.79995452e-01      0      0   0.00000000e+00   0.00000000e+00  -1.00000000e+00      0 0.00000000e+00 0.00000000e+00 1.00000000e+00
    60    0   2.75801490e-01   2.83182864e-01      0      0   0.00000000e+00   0.00000000e+00  -1.00000000e+00      0 0.00000000e+00 0.00000000e+00 1.00000000e+00
    60    1   2.90564237e-01   2.99790953e-01      0      0   0.00000000e+00   0.00000000e+00  -1.00000000e+00      0 0.00000000e+00 0.00000000e+00 1.00000000e+00
    60    2   2.94254923e-01   3.08094998e-01      0      0   0.00000000e+00   0.00000000e+00  -1.00000000e+00      0 0.00000000e+00 0.00000000e+00 1.00000000e+00
    61    0   3.03481640e-01   3.11601150e-01      0      0   0.00000000e+00   0.00000000e+00  -1.00000000e+00      0 0.00000000e+00 0.00000000e+00 1.00000000e+00
    61    1   3.19720660e-01   3.29870048e-01      0      0   0.00000000e+00   0.00000000e+00  -1.00000000e+00      0 0.00000000e+00 0.00000000e+00 1.00000000e+00
    61    2   3.23780416e-01   3.39004497e-01      0      0   0.00000000e+00   0.00000000e+00  -1.00000000e+00      0 0.00000000e+00 0.00000000e+00 1.00000000e+00
    62    0   3.33929803e-01   3.42861265e-01      0      0   0.00000000e+00   0.00000000e+00  -1.00000000e+00      0 0.00000000e+00 0.00000000e+00 1.00000000e+00
    62    1   3.51792726e-01   3.62957053e-01      0      0   0.00000000e+00   0.00000000e+00  -1.00000000e+00      0 0.00000000e+00 0.00000000e+00 1.00000000e+00
    62    2   3.56258457e-01   3.73004947e-01      0      0   0.00000000e+00   0.00000000e+00  -1.00000000e+00      0 0.00000000e+00 0.00000000e+00 1.00000000e+00
    63    0   3.67422784e-01   3.77247391e-01      0      0   0.00000000e+00   0.00000000e+00  -1.00000000e+00      0 0.00000000e+00 0.00000000e+00 1.00000000e+00
    63    1   3.87071999e-01   3.99352758e-01      0      0   0.00000000e+00   0.00000000e+00  -1.00000000e+00      0 0.00000000e+00 0.00000000e+00 1.00000000e+00
    63    2   3.91984303e-01   4.10405442e-01      0      0   0.00000000e+00   0.00000000e+00  -1.00000000e+00      0 0.00000000e+00 0.00000000e+00 1.00000000e+00
    64    0   4.04265062e-01   4.15072131e-01      0      0   0.00000000e+00   0.00000000e+00  -1.00000000e+00      0 0.00000000e+00 0.00000000e+00 1.00000000e+00
    64    1   4.25879199e-01   4.39388034e-01      0      0   0.00000000e+00   0.00000000e+00  -1.00000000e+00      0 0.00000000e+00 0.00000000e+00 1.00000000e+00
    64    2   4.31282733e-01   4.51545986e-01      0      0   0.00000000e+00   0.00000000e+00  -1.00000000e+00      0 0.00000000e+00 0.00000000e+00 1.00000000e+00
    65    0   4.44791568e-01   4.56679344e-01      0      0   0.00000000e+00   0.00000000e+00  -1.00000000e+00      0 0.00000000e+00 0.00000000e+00 1.00000000e+00
    65    1   4.68567119e-01   4.83426838e-01      0      0   0.00000000e+00   0.00000000e+00  -1.00000000e+00      0 0.00000000e+00 0.00000000e+00 1.00000000e+00
    65    2   4.74511006e-01   4.96800585e-01      0      0   0.00000000e+00   0.00000000e+00  -1.00000000e+00      0 0.00000000e+00 0.00000000e+00 1.00000000e+00
    66    0   4.89370725e-01   5.02447278e-01      0      0   0.00000000e+00   0.00000000e+00  -1.00000000e+00      0 0.00000000e+00 0.00000000e+00 1.00000000e+00
    66    1   5.15523831e-01   5.31869521e-01      0      0   0.00000000e+00   0.00000000e+00  -1.00000000e+00      0 0.00000000e+00 0.00000000e+00 1.00000000e+00
    66    2   5.22062107e-01   5.46580643e-01      0      0   0.00000000e+00   0.00000000e+00  -1.00000000e+00      0 0.00000000e+00 0.00000000e+00 1.00000000e+00
    67    0   5.38407798e-01   5.51741131e-01      0      0   0.00000000e+00   0.00000000e+00  -1.00000000e+00      0 0.00000000e+00 0.00000000e+00 1.00000000e+00
    67    1   5.65074464e-01   5.81741131e-01      0      0   0.00000000e+00   0.00000000e+00  -1.00000000e+00      0 0.00000000e+00 0.00000000e+00 1.00000000e+00
    67    2   5.71741131e-01   5.96741131e-01      0      0   0.00000000e+00   0.00000000e+00  -1.00000000e+00      0 0.00000000e+00 0.00000000e+00 1.00000000e+00
    68    0   5.88407798e-01   6.01741131e-01      0      0   0.00000000e+00   0.00000000e+00  -1.00000000e+00      0 0.00000000e+00 0.00000000e+00 1.00000000e+00
    68    1   6.15074464e-01   6.31741131e-01      0      0   0.00000000e+00   0.00000000e+00  -1.00000000e+00      0 0.00000000e+00 0.00000000e+00 1.00000000e+00
    68    2   6.21741131e-01   6.46741131e-01      0      0   0.00000000e+00   0.00000000e+00  -1.00000000e+00      0 0.00000000e+00 0.00000000e+00 1.00000000e+00
    69    0   6.38407798e-01   6.51741131e-01      0      0   0.00000000e+00   0.00000000e+00  -1.00000000e+00      0 0.00000000e+00 0.00000000e+00 1.00000000e+00
    69    1   6.65074464e-01   6.81741131e-01      0      0   0.00000000e+00   0.00000000e+00  -1.00000000e+00      0 0.00000000e+00 0.00000000e+00 1.00000000e+00
    69    2   6.71741131e-01   6.96741131e-01      0      0   0.00000000e+00   0.00000000e+00  -1.00000000e+00      0 0.00000000e+00 0.00000000e+00 1.00000000e+00
    70    0   6.88407798e-01   7.01741131e-01      0      0   0.00000000e+00   0.00000000e+00  -1.00000000e+00      0 0.00000000e+00 0.00000000e+00 1.00000000e+00
    70    1   7.15074464e-01   7.31741131e-01      0      0   0.00000000e+00   0.00000000e+00  -1.00000000e+00      0 0.00000000e+00 0.00000000e+00 1.00000000e+00
    70    2   7.21741131e-01   7.46741131e-01      0      0   0.00000000e+00   0.00000000e+00  -1.00000000e+00      0 0.00000000e+00 0.00000000e+00 1.00000000e+00
    71    0   7.38407798e-01   7.51741131e-01      0      0   0.00000000e+00   0.00000000e+00  -1.00000000e+00      0 0.00000000e+00 0.00000000e+00 1.00000000e+00
    71    1   7.65074464e-01   7.81741131e-01      0      0   0.00000000e+00   0.00000000e+00  -1.00000000e+00      0 0.00000000e+00 0.00000000e+00 1.00000000e+00
    71    2   7.71741131e-01   7.96741131e-01      0      0   0.00000000e+00   0.00000000e+00  -1.00000000e+00      0 0.00000000e+00 0.00000000e+00 1.00000000e+00
    72    0   7.88407798e-01   8.01741131e-01      0      0   0.00000000e+00   0.00000000e+00  -1.00000000e+00      0 0.00000000e+00 0.00000000e+00 1.00000000e+00
    72    1   8.15074464e-01   8.31741131e-01      0      0   0.00000000e+00   0.00000000e+00  -1.00000000e+00      0 0.00000000e+00 0.00000000e+00 1.00000000e+00
    72    2   8.21741131e-01   8.46741131e-01      0      0   0.00000000e+00   0.00000000e+00  -1.00000000e+00      0 0.00000000e+00 0.00000000e+00 1.00000000e+00
    73    0   8.38407798e-01   8.51741131e-01      0      0   0.00000000e+00   0.00000000e+00  -1.00000000e+00      0 0.00000000e+00 0.00000000e+00 1.00000000e+00
    73    1   8.65074464e-01   8.81741131e-01      0      0   0.00000000e+00   0.00000000e+00  -1.00000000e+00      0 0.00000000e+00 0.00000000e+00 1.00000000e+00
    73    2   8.71741131e-01   8.96741131e-01      0      0   0.00000000e+00   0.00000000e+00  -1.00000000e+00      0 0.00000000e+00 0.00000000e+00 1.00000000e+00
    74    0   8.88407798e-01   9.01741131e-01      0      0   0.00000000e+00   0.00000000e+00  -1.00000000e+00      0 0.00000000e+00 0.00000000e+00 1.00000000e+00
    74    1   9.15074464e-01   9.31741131e-01      0      0   0.00000000e+00   0.00000000e+00  -1.00000000e+00      0 0.00000000e+00 0.00000000e+00 1.00000000e+00
    74    2   9.21741131e-01   9.46741131e-01      0      0   0.00000000e+00   0.00000000e+00  -1.00000000e+00      0 0.00000000e+00 0.00000000e+00 1.00000000e+00
    75    0   9.38407798e-01   9.51741131e-01      0      0   0.00000000e+00   0.00000000e+00  -1.00000000e+00      0 0.00000000e+00 0.00000000e+00 1.00000000e+00
    75    1   9.65074464e-01   9.81741131e-01      0      0   0.00000000e+00   0.00000000e+00  -1.00000000e+00      0 0.00000000e+00 0.00000000e+00 1.00000000e+00
    75    2   9.71741131e-01   9.96741131e-01      0      0   0.00000000e+00   0.00000000e+00  -1.00000000e+00      0 0.00000000e+00 0.00000000e+00 1.00000000e+00
    76    0   9.88407798e-01   1.00174113e+00      0      0   0.00000000e+00   0.00000000e+00  -1.00000000e+00      0 0.00000000e+00 0.00000000e+00 1.00000000e+00
    76    1   1.01507446e+00   1.03174113e+00      0      0   0.00000000e+00   0.00000000e+00  -1.00000000e+00      0 0.00000000e+00 0.00000000e+00 1.00000000e+00
    76    2   1.02174113e+00   1.04674113e+00      0      0   0.00000000e+00   0.00000000e+00  -1.00000000e+00      0 0.00000000e+00 0.00000000e+00 1.00000000e+00
    77    0   1.03840780e+00   1.05174113e+00      0      0   0.00000000e+00   0.00000000e+00  -1.00000000e+00      0 0.00000000e+00 0.00000000e+00 1.00000000e+00
    77    1   1.06507446e+00   1.08174113e+00      0      0   0.00000000e+00   0.00000000e+00  -1.00000000e+00      0 0.00000000e+00 0.00000000e+00 1.00000000e+00
    77    2   1.07174113e+00   1.09674113e+00      0      0   0.00000000e+00   0.00000000e+00  -1.00000000e+00      0 0.00000000e+00 0.00000000e+00 1.00000000e+00
    78    0   1.08840780e+00   1.10174113e+00      0      0   0.00000000e+00   0.00000000e+00  -1.00000000e+00      0 0.00000000e+00 0.00000000e+00 1.00000000e+00
    78    1   1.11507446e+00   1.13174113e+00      0      0   0.00000000e+00   0.00000000e+00  -1.00000000e+00      0 0.00000000e+00 0.00000000e+00 1.00000000e+00
    78    2   1.12174113e+00   1.14674113e+00      0      0   0.00000000e+00   0.00000000e+00  -1.00000000e+00      0 0.00000000e+00 0.00000000e+00 1.00000000e+00
    79    0   1.13840780e+00   1.15174113e+00      0      0   0.00000000e+00   0.00000000e+00  -1.00000000e+00      0 0.00000000e+00 0.00000000e+00 1.00000000e+00
    79    1   1.16507446e+00   1.18174113e+00      0      0   0.00000000e+00   0.00000000e+00  -1.00000000e+00      0 0.00000000e+00 0.00000000e+00 1.00000000e+00
    79    2   1.17174113e+00   1.19674113e+00      0      0   0.00000000e+00   0.00000000e+00  -1.00000000e+00      0 0.00000000e+00 0.00000000e+00 1.00000000e+00
    80    0   1.18840780e+00   1.20174113e+00      0      0   0.00000000e+00   0.00000000e+00  -1.00000000e+00      0 0.00000000e+00 0.00000000e+00 1.00000000e+00
    80    1   1.21507446e+00   1.23174113e+00      0      0   0.00000000e+00   0.00000000e+00  -1.00000000e+00      0 0.00000000e+00 0.00000000e+00 1.00000000e+00
    80    2   1.22174113e+00   1.24674113e+00      0      0   0.00000000e+00   0.00000000e+00  -1.00000000e+00      0 0.00000000e+00 0.00000000e+00 1.00000000e+00
    81    0   1.23840780e+00   1.25174113e+00      0      0   0.00000000e+00   0.00000000e+00  -1.00000000e+00      0 0.00000000e+00 0.00000000e+00 1.00000000e+00
    81    1   1.26507446e+00   1.28174113e+00      0      0   0.00000000e+00   0.00000000e+00  -1.00000000e+00      0 0.00000000e+00 0.00000000e+00 1.00000000e+00
    81    2   1.27174113e+00   1.29674113e+00      0      0   0.00000000e+00   0.00000000e+00  -1.00000000e+00      0 0.00000000e+00 0.00000000e+00 1.00000000e+00
    82    0   1.28840780e+00   1.30174113e+00      0      0   0.00000000e+00   0.00000000e+00  -1.00000000e+00      0 0.00000000e+00 0.00000000e+00 1.00000000e+00
    82    1   1.31507446e+00   1.33174113e+00      0      0   0.00000000e+00   0.00000000e+00  -1.00000000e+00      0 0.00000000e+00 0.00000000e+00 1.00000000e+00
    82    2   1.32174113e+00   1.34674113e+00      0      0   0.00000000e+00   0.00000000e+00  -1.00000000e+00      0 0.00000000e+00 0.00000000e+00 1.00000000e+00
    83    0   1.33840780e+00   1.35174113e+00      0      0   0.00000000e+00   0.00000000e+00  -1.00000000e+00      0 0.00000000e+00 0.00000000e+00 1.00000000e+00
    83    1   1.36507446e+00   1.38174113e+00      0      0   0.00000000e+00   0.00000000e+00  -1.00000000e+00      0 0.00000000e+00 0.00000000e+00 1.00000000e+00
    83    2   1.37174113e+00   1.39674113e+00      0      0   0.00000000e+00   0.00000000e+00  -1.00000000e+00      0 0.00000000e+00 0.00000000e+00 1.00000000e+00
    84    0   1.38840780e+00   1.40174113e+00      0      0   0.00000000e+00   0.00000000e+00  -1.00000000e+00      0 0.00000000e+00 0.00000000e+00 1.00000000e+00
    84    1   1.41507446e+00   1.43174113e+00      0      0   0.00000000e+00   0.00000000e+00  -1.00000000e+00      0 0.00000000e+00 0.00000000e+00 1.00000000e+00
    84    2   1.42174113e+00   1.44674113e+00      0      0   0.00000000e+00   0.00000000e+00  -1.00000000e+00      0 0.00000000e+00 0.00000000e+00 1.00000000e+00
    85    0   1.43840780e+00   1.45174113e+00      0      0   0.00000000e+00   0.00000000e+00  -1.00000000e+00      0 0.00000000e+00 0.00000000e+00 1.00000000e+00
    85    1   1.46507446e+00   1.48174113e+00      0      0   0.00000000e+00   0.00000000e+00  -1.00000000e+00      0 0.00000000e+00 0.00000000e+00 1.00000000e+00
    85    2   1.47174113e+00   1.49674113e+00      0      0   0.00000000e+00   0.00000000e+00  -1.00000000e+00      0 0.00000000e+00 0.00000000e+00 1.00000000e+00
    86    0   1.48840780e+00   1.50174113e+00      0      0   0.00000000e+00   0.00000000e+00  -1.00000000e+00      0 0.00000000e+00 0.00000000e+00 1.00000000e+00
    86    1   1.51507446e+00   1.53174113e+00      0      0   0.00000000e+00   0.00000000e+00  -1.00000000e+00      0 0.00000000e+00 0.00000000e+00 1.00000000e+00
    86    2   1.52174113e+00   1.54674113e+00      0      0   0.00000000e+00   0.00000000e+00  -1.00000000e+00      0 0.00000000e+00 0.00000000e+00 1.00000000e+00
    87    0   1.53840780e+00   1.55174113e+00      0      0   0.00000000e+00   0.00000000e+00  -1.00000000e+00      0 0.00000000e+00 0.00000000e+00 1.00000000e+00
    87    1   1.56507446e+00   1.58174113e+00      0      0   0.00000000e+00   0.00000000e+00  -1.00000000e+00      0 0.00000000e+00 0.00000000e+00 1.00000000e+00
    87    2   1.57174113e+00   1.59674113e+00      0      0   0.00000000e+00   0.00000000e+00  -1.00000000e+00      0 0.00000000e+00 0.00000000e+00 1.00000000e+00
    88    0   1.58840780e+00   1.60174113e+00      0      0   0.00000000e+00   0.00000000e+00  -1.00000000e+00      0 0.00000000e+00 0.00000000e+00 1.00000000e+00
    88    1   1.61507446e+00   1.63174113e+00      0      0   0.00000000e+00   0.00000000e+00  -1.00000000e+00      0 0.00000000e+00 0.00000000e+00 1.00000000e+00
    88    2   1.62174113e+00   1.64674113e+00      0      0   0.00000000e+00   0.00000000e+00  -1.00000000e+00      0 0.00000000e+00 0.00000000e+00 1.00000000e+00
    89    0   1.63840780e+00   1.65174113e+00      0      0   0.00000000e+00   0.00000000e+00  -1.00000000e+00      0 0.00000000e+00 0.00000000e+00 1.00000000e+00
    89    1   1.66507446e+00   1.68174113e+00      0      0   0.00000000e+00   0.00000000e+00  -1.00000000e+00      0 0.00000000e+00 0.00000000e+00 1.00000000e+00
    89    2   1.67174113e+00   1.69674113e+00      0      0   0.00000000e+00   0.00000000e+00  -1.00000000e+00      0 0.00000000e+00 0.00000000e+00 1.00000000e+00
    90    0   1.68840780e+00   1.70174113e+00      0      0   0.00000000e+00   0.00000000e+00  -1.00000000e+00      0 0.00000000e+00 0.00000000e+00 1.00000000e+00
    90    1   1.71507446e+00   1.73174113e+00      0      0   0.00000000e+00   0.00000000e+00  -1.00000000e+00      0 0.00000000e+00 0.00000000e+00 1.00000000e+00
    90    2   1.72174113e+00   1.74674113e+00      0      0   0.00000000e+00   0.00000000e+00  -1.00000000e+00      0 0.00000000e+00 0.00000000e+00 1.00000000e+00
    91    0   1.73840780e+00   1.75174113e+00      0      0   0.00000000e+00   0.00000000e+00  -1.00000000e+00      0 0.00000000e+00 0.00000000e+00 1.00000000e+00
    91    1   1.76507446e+00   1.78174113e+00      0      0   0.00000000e+00   0.00000000e+00  -1.00000000e+00      0 0.00000000e+00 0.00000000e+00 1.00000000e+00
    91    2   1.77174113e+00   1.79674113e+00      0      0   0.00000000e+00   0.00000000e+00  -1.00000000e+00      0 0.00000000e+00 0.00000000e+00 1.00000000e+00
    92    0   1.78840780e+00   1.80174113e+00      0      0   0.00000000e+00   0.00000000e+00  -1.00000000e+00      0 0.00000000e+00 0.00000000e+00 1.00000000e+00
    92    1   1.81507446e+00   1.83174113e+00      0      0   0.00000000e+00   0.00000000e+00  -1.00000000e+00      0 0.00000000e+00 0.00000000e+00 1.00000000e+00
    92    2   1.82174113e+00   1.84674113e+00      0      0   0.00000000e+00   0.00000000e+00  -1.00000000e+00      0 0.00000000e+00 0.00000000e+00 1.00000000e+00
    93    0   1.83840780e+00   1.85174113e+00      0      0   0.00000000e+00   0.00000000e+00  -1.00000000e+00      0 0.00000000e+00 0.00000000e+00 1.00000000e+00
    93    1   1.86507446e+00   1.88174113e+00      0      0   0.00000000e+00   0.00000000e+00  -1.00000000e+00      0 0.00000000e+00 0.00000000e+00 1.00000000e+00
    93    2   1.87174113e+00   1.89674113e+00      0      0   0.00000000e+00   0.00000000e+00  -1.00000000e+00      0 0.00000000e+00 0.00000000e+00 1.00000000e+00
    94    0   1.88840780e+00   1.90174113e+00      0      0   0.00000000e+00   0.00000000e+00  -1.00000000e+00      0 0.00000000e+00 0.00000000e+00 1.00000000e+00
    94    1   1.91507446e+00   1.93174113e+00      0      0   0.00000000e+00   0.00000000e+00  -1.00000000e+00      0 0.00000000e+00 0.00000000e+00 1.00000000e+00
    94    2   1.92174113e+00   1.94674113e+00      0      0   0.00000000e+00   0.00000000e+00  -1.00000000e+00      0 0.00000000e+00 0.00000000e+00 1.00000000e+00
    95    0   1.93840780e+00   1.95174113e+00      0      0   0.00000000e+00   0.00000000e+00  -1.00000000e+00      0 0.00000000e+00 0.00000000e+00 1.00000000e+00
    95    1   1.96507446e+00   1.98174113e+00      0      0   0.00000000e+00   0.00000000e+00  -1.00000000e+00      0 0.00000000e+00 0.00000000e+00 1.00000000e+00
    95    2   1.97174113e+00   1.99674113e+00      0      0   0.00000000e+00   0.00000000e+00  -1.00000000e+00      0 0.00000000e+00 0.00000000e+00 1.00000000e+00
    96    0   1.98840780e+00   2.00174113e+00      0      0   0.00000000e+00   0.00000000e+00  -1.00000000e+00      0 0.00000000e+00 0.00000000e+00 1.00000000e+00
    96    1   2.01507446e+00   2.03174113e+00      0      0   0.00000000e+00   0.00000000e+00  -1.00000000e+00      0 0.00000000e+00 0.00000000e+00 1.00000000e+00
    96    2   2.02174113e+00   2.04674113e+00      0      0   0.00000000e+00   0.00000000e+00  -1.00000000e+00      0 0.00000000e+00 0.00000000e+00 1.00000000e+00
    97    0   2.03840780e+00   2.05174113e+00      0      0   0.00000000e+00   0.00000000e+00  -1.00000000e+00      0 0.00000000e+00 0.00000000e+00 1.00000000e+00
    97    1   2.06507446e+00   2.08174113e+00      0      0   0.00000000e+00   0.00000000e+00  -1.00000000e+00      0 0.00000000e+00 0.00000000e+00 1.00000000e+00
    97    2   2.07174113e+00   2.09674113e+00      0      0   0.00000000e+00   0.00000000e+00  -1.00000000e+00      0 0.00000000e+00 0.00000000e+00 1.00000000e+00
    98    0   2.08840780e+00   2.10174113e+00      0      0   0.00000000e+00   0.00000000e+00  -1.00000000e+00      0 0.00000000e+00 0.00000000e+00 1.00000000e+00
    98    1   2.11507446e+00   2.13174113e+00      0      0   0.00000000e+00   0.00000000e+00  -1.00000000e+00      0 0.00000000e+00 0.00000000e+00 1.00000000e+00
    98    2   2.12174113e+00   2.14674113e+00      0      0   0.00000000e+00   0.00000000e+00  -1.00000000e+00      0 0.00000000e+00 0.00000000e+00 1.00000000e+00
    99    0   2.13840780e+00   2.15174113e+00      0      0   0.00000000e+00   0.00000000e+00  -1.00000000e+00      0 0.00000000e+00 0.00000000e+00 1.00000000e+00
    99    1   2.16507446e+00   2.18174113e+00      0      0   0.00000000e+00   0.00000000e+00  -1.00000000e+00      0 0.00000000e+00 0.00000000e+00 1.00000000e+00
    99    2   2.17174113e+00   2.19674113e+00      0      0   0.00000000e+00   0.00000000e+00  -1.00000000e+00      0 0.00000000e+00 0.00000000e+00 1.00000000e+00
   100    0   2.18840780e+00   2.20174113e+00      0      0   0.00000000e+00   0.00000000e+00  -1.00000000e+00      0 0.00000000e+00 0.00000000e+00 1.00000000e+00
   100    1   2.21507446e+00   2.23174113e+00      0      0   0.00000000e+00   0.00000000e+00  -1.00000000e+00      0 0.00000000e+00 0.00000000e+00 1.00000000e+00
   100    2   2.22174113e+00   2.24674113e+00      0      0   0.00000000e+00   0.00000000e+00  -1.00000000e+00      0 0.00000000e+00 0.00000000e+00 1.00000000e+00
   101    0   2.23840780e+00   2.25174113e+00      0      0   0.00000000e+00   0.00000000e+00  -1.00000000e+00      0 0.00000000e+00 0.00000000e+00 1.00000000e+00
   101    1   2.26507446e+00   2.28174113e+00      0      0   0.00000000e+00   0.00000000e+00  -1.00000000e+00      0 0.00000000e+00 0.00000000e+00 1.00000000e+00
   101    2   2.27174113e+00   2.29674113e+00      0      0   0.00000000e+00   0.00000000e+00  -1.00000000e+00      0 0.00000000e+00 0.00000000e+00 1.00000000e+00
   102    0   2.28840780e+00   2.30174113e+00      0      0   0.00000000e+00   0.00000000e+00  -1.00000000e+00      0 0.00000000e+00 0.00000000e+00 1.00000000e+00
   102    1   2.31507446e+00   2.33174113e+00      0      0   0.00000000e+00   0.00000000e+00  -1.00000000e+00      0 0.00000000e+00 0.00000000e+00 1.00000000e+00
   102    2   2.32174113e+00   2.34674113e+00      0      0   0.00000000e+00   0.00000000e+00  -1.00000000e+00      0 0.00000000e+00 0.00000000e+00 1.00000000e+00
   103    0   2.33840780e+00   2.35174113e+00      0      0   0.00000000e+00   0.00000000e+00  -1.00000000e+00      0 0.00000000e+00 0.00000000e+00 1.00000000e+00
   103    1   2.36507446e+00   2.38174113e+00      0      0   0.00000000e+00   0.00000000e+00  -1.00000000e+00      0 0.00000000e+00 0.00000000e+00 1.00000000e+00
   103    2   2.37174113e+00   2.39674113e+00      0      0   0.00000000e+00   0.00000000e+00  -1.00000000e+00      0 0.00000000e+00 0.00000000e+00 1.00000000e+00
   104    0   2.38840780e+00   2.40174113e+00      0      0   0.00000000e+00   0.00000000e+00  -1.00000000e+00      0 0.00000000e+00 0.00000000e+00 1.00000000e+00
   104    1   2.41507446e+00   2.43174113e+00      0      0   0.00000000e+00   0.00000000e+00  -1.00000000e+00      0 0.00000000e+00 0.00000000e+00 1.00000000e+00
   104    2   2.42174113e+00   2.44674113e+00      0      0   0.00000000e+00   0.00000000e+00  -1.00000000e+00      0 0.00000000e+00 0.00000000e+00 1.00000000e+00
   105    0   2.43840780e+00   2.45174113e+00      0      0   0.00000000e+00   0.00000000e+00  -1.00000000e+00      0 0.00000000e+00 0.00000000e+00 1.00000000e+00
   105    1   2.46507446e+00   2.48174113e+00      0      0   0.00000000e+00   0.00000000e+00  -1.00000000e+00      0 0.00000000e+00 0.00000000e+00 1.00000000e+00
   105    2   2.47174113e+00   2.49674113e+00      0      0   0.00000000e+00   0.00000000e+00  -1.00000000e+00      0 0.00000000e+00 0.00000000e+00 1.00000000e+00
   106    0   2.48840780e+00   2.50174113e+00      0      0   0.00000000e+00   0.00000000e+00  -1.00000000e+00      0 0.00000000e+00 0.00000000e+00 1.00000000e+00
   106    1   2.51507446e+00   2.53174113e+00      0      0   0.00000000e+00   0.00000000e+00  -1.00000000e+00      0 0.00000000e+00 0.00000000e+00 1.00000000e+00
   106    2   2.52174113e+00   2.54674113e+00      0      0   0.00000000e+00   0.00000000e+00  -1.00000000e+00      0 0.00000000e+00 0.00000000e+00 1.00000000e+00
   107    0   2.53840780e+00   2.55174113e+00      0      0   0.00000000e+00   0.00000000e+00  -1.00000000e+00      0 0.00000000e+00 0.00000000e+00 1.00000000e+00
   107    1   2.56507446e+00   2.58174113e+00      0      0   0.00000000e+00   0.00000000e+00  -1.00000000e+00      0 0.00000000e+00 0.00000000e+00 1.00000000e+00
   107    2   2.57174113e+00   2.59674113e+00      0      0   0.00000000e+00   0.00000000e+00  -1.00000000e+00      0 0.00000000e+00 0.00000000e+00 1.00000000e+00
   108    0   2.58840780e+00   2.60174113e+00      0      0   0.00000000e+00   0.00000000e+00  -1.00000000e+00      0 0.00000000e+00 0.00000000e+00 1.00000000e+00
   108    1   2.61507446e+00   2.63174113e+00      0      0   0.00000000e+00   0.00000000e+00  -1.00000000e+00      0 0.00000000e+00 0.00000000e+00 1.00000000e+00
   108    2   2.62174113e+00   2.64674113e+00      0      0   0.00000000e+00   0.00000000e+00  -1.00000000e+00      0 0.00000000e+00 0.00000000e+00 1.00000000e+00
   109    0   2.63840780e+00   2.65174113e+00      0      0   0.00000000e+00   0.00000000e+00  -1.00000000e+00      0 0.00000000e+00 0.00000000e+00 1.00000000e+00
   109    1   2.66507446e+00   2.68174113e+00      0      0   0.00000000e+00   0.00000000e+00  -1.00000000e+00      0 0.00000000e+00 0.00000000e+00 1.00000000e+00
   109    2   2.67174113e+00   2.69674113e+00      0      0   0.00000000e+00   0.00000000e+00  -1.00000000e+00      0 0.00000000e+00 0.00000000e+00 1.00000000e+00
   110    0   2.68840780e+00   2.70174113e+00      0      0   0.00000000e+00   0.00000000e+00  -1.00000000e+00      0 0.00000000e+00 0.00000000e+00 1.00000000e+00
   110    1   2.71507446e+00   2.73174113e+00      0      0   0.00000000e+00   0.00000000e+00  -1.00000000e+00      0 0.00000000e+00 0.00000000e+00 1.00000000e+00
   110    2   2.72174113e+00   2.74674113e+00      0      0   0.00000000e+00   0.00000000e+00  -1.00000000e+00      0 0.00000000e+00 0.00000000e+00 1.00000000e+00
   111    0   2.73840780e+00   2.75174113e+00      0      0   0.00000000e+00   0.00000000e+00  -1.00000000e+00      0 0.00000000e+00 0.00000000e+00 1.00000000e+00
   111    1   2.76507446e+00   2.78174113e+00      0      0   0.00000000e+00   0.00000000e+00  -1.00000000e+00      0 0.00000000e+00 0.00000000e+00 1.00000000e+00
   111    2   2.77174113e+00   2.79674113e+00      0      0   0.00000000e+00   0.00000000e+00  -1.00000000e+00      0 0.00000000e+00 0.00000000e+00 1.00000000e+00
   112    0   2.78840780e+00   2.80174113e+00      4      0   0.00000000e+00   0.00000000e+00  -1.00000000e+00      4 -1.02389891e-05 1.77600820e-10 -1.02392064e-05
   112    1   2.81507446e+00   2.83174113e+00      4      0   0.00000000e+00   0.00000000e+00  -1.00000000e+00      4 -1.05465472e-05 1.77853238e-10 -1.05467696e-05
   112    2   2.82174113e+00   2.84674113e+00      4      0   0.00000000e+00   0.00000000e+00  -1.00000000e+00      4 -1.13113460e-05 1.76577436e-10 -1.13115744e-05
   113    0   2.83840780e+00   2.85174113e+00      4      0   0.00000000e+00   0.00000000e+00  -1.00000000e+00      4 -1.25165713e-05 1.83033478e-10 -1.25168140e-05
   113    1   2.86507446e+00   2.88174113e+00      4      0   0.00000000e+00   0.00000000e+00  -1.00000000e+00      4 -1.28283209e-05 1.85251996e-10 -1.28285671e-05
   113    2   2.87174113e+00   2.89674113e+00     12      0   0.00000000e+00   0.00000000e+00  -1.00000000e+00     12 -1.14610393e-05 1.52989002e-06 -1.36099832e-05
   114    0   2.88840780e+00   2.90174113e+00     12      0   0.00000000e+00   0.00000000e+00  -1.00000000e+00     12 -1.27635187e-05 1.48156801e-06 -1.48391706e-05
   114    1   2.91507446e+00   2.93174113e+00     12      0   0.00000000e+00   0.00000000e+00  -1.00000000e+00     12 -1.31013652e-05 1.46485762e-06 -1.51518581e-05
   114    2   2.92174113e+00   2.94674113e+00     12      0   0.00000000e+00   0.00000000e+00  -1.00000000e+00     12 -1.39471079e-05 1.42836440e-06 -1.59419558e-05
   115    0   2.93840780e+00   2.95174113e+00     16      0   0.00000000e+00   0.00000000e+00  -1.00000000e+00     16 -1.40729020e-05 2.40074661e-06 -1.71824724e-05
   115    1   2.96507446e+00   2.98174113e+00     16      0   0.00000000e+00   0.00000000e+00  -1.00000000e+00     16 -1.44230412e-05 2.37656830e-06 -1.74925656e-05
   115    2   2.97174113e+00   2.99674113e+00     16      0   0.00000000e+00   0.00000000e+00  -1.00000000e+00     16 -1.53058203e-05 2.31919338e-06 -1.82828199e-05
   116    0   2.98840780e+00   3.00174113e+00     16      0   0.00000000e+00   0.00000000e+00  -1.00000000e+00     16 -1.66949505e-05 2.22493172e-06 -1.95210968e-05
   116    1   3.01507446e+00   3.03174113e+00     16      0   0.00000000e+00   0.00000000e+00  -1.00000000e+00     16 -1.70476041e-05 2.19307290e-06 -1.98247923e-05
   116    2   3.02174113e+00   3.04674113e+00     20      0   0.00000000e+00   0.00000000e+00  -1.00000000e+00     20 -1.64947462e-05 3.45834385e-06 -2.06060133e-05
   117    0   3.03840780e+00   3.05174113e+00     24      0   0.00000000e+00   0.00000000e+00  -1.00000000e+00     24 -1.67985748e-05 3.97544760e-06 -2.18274369e-05
   117    1   3.06507446e+00   3.08174113e+00     24      0   0.00000000e+00   0.00000000e+00  -1.00000000e+00     24 -1.71762352e-05 3.92876507e-06 -2.21206330e-05
   117    2   3.07174113e+00   3.09674113e+00     24      0   0.00000000e+00   0.00000000e+00  -1.00000000e+00     24 -1.81355289e-05 3.81969599e-06 -2.28829353e-05
   118    0   3.08840780e+00   3.10174113e+00     28      0   0.00000000e+00   0.00000000e+00  -1.00000000e+00     28 -1.82692461e-05 4.76565118e-06 -2.40717845e-05
   118    1   3.11507446e+00   3.13174113e+00     28      0   0.00000000e+00   0.00000000e+00  -1.00000000e+00     28 -1.86621429e-05 4.70276446e-06 -2.43500726e-05
   118    2   3.12174113e+00   3.14674113e+00     32      0   0.00000000e+00   0.00000000e+00  -1.00000000e+00     32 -1.85504637e-05 5.17722584e-06 -2.50828295e-05
   119    0   3.13840780e+00   3.15174113e+00     32      0   0.00000000e+00   0.00000000e+00  -1.00000000e+00     32 -2.01406966e-05 4.96461264e-06 -2.62222338e-05
   119    1   3.16507446e+00   3.18174113e+00     32      0   0.00000000e+00   0.00000000e+00  -1.00000000e+00     32 -2.05397385e-05 4.89499782e-06 -2.64809692e-05
   119    2   3.17174113e+00   3.19674113e+00     32      0   0.00000000e+00   0.00000000e+00  -1.00000000e+00     32 -2.15601769e-05 4.73295580e-06 -2.71728842e-05
   120    0   3.18840780e+00   3.20174113e+00     32      0   0.00000000e+00   0.00000000e+00  -1.00000000e+00     32 -2.31609551e-05 4.47446751e-06 -2.82449576e-05
   120    1   3.21507446e+00   3.23174113e+00     32      0   0.00000000e+00   0.00000000e+00  -1.00000000e+00     32 -2.35559608e-05 4.39314354e-06 -2.84793001e-05
   120    2   3.22174113e+00   3.24674113e+00     32      0   0.00000000e+00   0.00000000e+00  -1.00000000e+00     32 -2.45740992e-05 4.20321578e-06 -2.92151546e-05
   121    0   3.23840780e+00   3.25174113e+00     36      0   0.00000000e+00   0.00000000e+00  -1.00000000e+00     36 -2.43982935e-05 6.21373356e-06 -3.05339845e-05
   121    1   3.26507446e+00   3.28174113e+00     36      0   0.00000000e+00   0.00000000e+00  -1.00000000e+00     36 -2.47523795e-05 6.23632759e-06 -3.08332441e-05
   121    2   3.27174113e+00   3.29674113e+00     40      0   0.00000000e+00   0.00000000e+00  -1.00000000e+00     40 -2.41218568e-05 7.58460697e-06 -3.16339174e-05
   122    0   3.28840780e+00   3.30174113e+00     48      0   0.00000000e+00   0.00000000e+00  -1.00000000e+00     48 -2.32003171e-05 8.79212230e-06 -3.28744557e-05
   122    1   3.31507446e+00   3.33174113e+00     52      0   0.00000000e+00   0.00000000e+00  -1.00000000e+00     52 -2.25428523e-05 9.15009382e-06 -3.31455220e-05
   122    2   3.32174113e+00   3.34674113e+00     52      0   0.00000000e+00   0.00000000e+00  -1.00000000e+00     52 -2.35187877e-05 9.11689113e-06 -3.38851014e-05
   123    0   3.33840780e+00   3.35174113e+00     52      0   0.00000000e+00   0.00000000e+00  -1.00000000e+00     52 -2.50461420e-05 9.09526992e-06 -3.50257951e-05
   123    1   3.36507446e+00   3.38174113e+00     52      0   0.00000000e+00   0.00000000e+00  -1.00000000e+00     52 -2.54140987e-05 9.07814717e-06 -3.52627491e-05
   123    2   3.37174113e+00   3.39674113e+00     60      0   0.00000000e+00   0.00000000e+00  -1.00000000e+00     60 -2.42085944e-05 1.00925543e-05 -3.59267885e-05
   124    0   3.38840780e+00   3.40174113e+00     68      0   0.00000000e+00   0.00000000e+00  -1.00000000e+00     68 -2.39266462e-05 1.06953593e-05 -3.75188175e-05
   124    1   3.41507446e+00   3.43174113e+00     68      0   0.00000000e+00   0.00000000e+00  -1.00000000e+00     68 -2.42914378e-05 1.06871503e-05 -3.79485130e-05
   124    2   3.42174113e+00   3.44674113e+00     68      0   0.00000000e+00   0.00000000e+00  -1.00000000e+00     68 -2.52485170e-05 1.07044592e-05 -3.90818443e-05
   125    0   3.43840780e+00   3.45174113e+00     68      0   0.00000000e+00   0.00000000e+00  -1.00000000e+00     68 -2.67441440e-05 1.07779430e-05 -4.08440455e-05
   125    1   3.46507446e+00   3.48174113e+00     68      0   0.00000000e+00   0.00000000e+00  -1.00000000e+00     68 -2.70971172e-05 1.07870053e-05 -4.12439494e-05
   125    2   3.47174113e+00   3.49674113e+00     68      0   0.00000000e+00   0.00000000e+00  -1.00000000e+00     68 -2.80281602e-05 1.08547880e-05 -4.23141508e-05
   126    0   3.48840780e+00   3.50174113e+00     72      0   0.00000000e+00   0.00000000e+00  -1.00000000e+00     72 -2.84564381e-05 1.15049213e-05 -4.39725368e-05
   126    1   3.51507446e+00   3.53174113e+00     72      0   0.00000000e+00   0.00000000e+00  -1.00000000e+00     72 -2.87876715e-05 1.15385208e-05 -4.43355555e-05
   126    2   3.52174113e+00   3.54674113e+00     72      0   0.00000000e+00   0.00000000e+00  -1.00000000e+00     72 -2.96702802e-05 1.16685536e-05 -4.53253762e-05
   127    0   3.53840780e+00   3.55174113e+00     76      0   0.00000000e+00   0.00000000e+00  -1.00000000e+00     76 -2.99477708e-05 1.25008283e-05 -4.68525517e-05
   127    1   3.56507446e+00   3.58174113e+00     76      0   0.00000000e+00   0.00000000e+00  -1.00000000e+00     76 -3.02443437e-05 1.25691995e-05 -4.71711303e-05
   127    2   3.57174113e+00   3.59674113e+00     80      0   0.00000000e+00   0.00000000e+00  -1.00000000e+00     80 -3.00109504e-05 1.32562353e-05 -4.80621976e-05
   128    0   3.58840780e+00   3.60174113e+00     92      0   0.00000000e+00   0.00000000e+00  -1.00000000e+00     92 -2.89667068e-05 1.40284844e-05 -4.94290018e-05
   128    1   3.61507446e+00   3.63174113e+00     92      0   0.00000000e+00   0.00000000e+00  -1.00000000e+00     92 -2.93811132e-05 1.39643886e-05 -4.96951149e-05
   128    2   3.62174113e+00   3.64674113e+00     96      0   0.00000000e+00   0.00000000e+00  -1.00000000e+00     96 -2.96529292e-05 1.41941708e-05 -5.04678752e-05
   129    0   3.63840780e+00   3.65174113e+00     96      0   0.00000000e+00   0.00000000e+00  -1.00000000e+00     96 -3.13371356e-05 1.44018953e-05 -5.16432378e-05
   129    1   3.66507446e+00   3.68174113e+00     96      0   0.00000000e+00   0.00000000e+00  -1.00000000e+00     96 -3.17231550e-05 1.44778607e-05 -5.18649668e-05
   129    2   3.67174113e+00   3.69674113e+00    100      0   0.00000000e+00   0.00000000e+00  -1.00000000e+00    100 -3.18557290e-05 1.51425824e-05 -5.29224860e-05
   130    0   3.68840780e+00   3.70174113e+00    112      0   0.00000000e+00   0.00000000e+00  -1.00000000e+00    112 -3.15221746e-05 1.59734955e-05 -5.57456079e-05
   130    1   3.71507446e+00   3.73174113e+00    116      0   0.00000000e+00   0.00000000e+00  -1.00000000e+00    116 -3.13035787e-05 1.62130988e-05 -5.80676238e-05
   130    2   3.72174113e+00   3.74674113e+00    116      0   0.00000000e+00   0.00000000e+00  -1.00000000e+00    116 -3.27490839e-05 1.64169270e-05 -6.47117381e-05
   131    0   3.73840780e+00   3.75174113e+00    116      0   0.00000000e+00   0.00000000e+00  -1.00000000e+00    116 -3.50054706e-05 1.71991035e-05 -7.51540322e-05
   131    1   3.76507446e+00   3.78174113e+00    120      0   0.00000000e+00   0.00000000e+00  -1.00000000e+00    120 -3.46867596e-05 1.77669729e-05 -7.77853138e-05
   131    2   3.77174113e+00   3.79674113e+00    124      0   0.00000000e+00   0.00000000e+00  -1.00000000e+00    124 -3.52236915e-05 1.88772492e-05 -8.44759620e-05
   132    0   3.78840780e+00   3.80174113e+00    136      0   0.00000000e+00   0.00000000e+00  -1.00000000e+00    136 -3.51690876e-05 2.08154913e-05 -9.49782848e-05
   132    1   3.81507446e+00   3.83174113e+00    136      0   0.00000000e+00   0.00000000e+00  -1.00000000e+00    136 -3.57349828e-05 2.11601484e-05 -9.75936937e-05
   132    2   3.82174113e+00   3.84674113e+00    140      0   0.00000000e+00   0.00000000e+00  -1.00000000e+00    140 -3.65023378e-05 2.22866639e-05 -1.04282419e-04
   133    0   3.83840780e+00   3.85174113e+00    140      0   0.00000000e+00   0.00000000e+00  -1.00000000e+00    140 -3.88622072e-05 2.41650704e-05 -1.14768774e-04
   133    1   3.86507446e+00   3.88174113e+00    140      0   0.00000000e+00   0.00000000e+00  -1.00000000e+00    140 -3.94097204e-05 2.46808510e-05 -1.17348660e-04
   133    2   3.87174113e+00   3.89674113e+00    136      0   0.00000000e+00   0.00000000e+00  -1.00000000e+00    136 -4.17823943e-05 2.59322365e-05 -1.23986004e-04
   134    0   3.88840780e+00   3.90174113e+00    144      0   0.00000000e+00   0.00000000e+00  -1.00000000e+00    144 -4.25268512e-05 2.83792041e-05 -1.34377574e-04
   134    1   3.91507446e+00   3.93174113e+00    148      0   0.00000000e+00   0.00000000e+00  -1.00000000e+00    148 -4.23066307e-05 2.89729877e-05 -1.36901400e-04
   134    2   3.92174113e+00   3.94674113e+00    152      0   0.00000000e+00   0.00000000e+00  -1.00000000e+00    152 -4.32377323e-05 3.03747168e-05 -1.43436188e-04
   135    0   3.93840780e+00   3.95174113e+00    156      0   0.00000000e+00   0.00000000e+00  -1.00000000e+00    156 -4.51084976e-05 3.28390233e-05 -1.53652516e-04
   135    1   3.96507446e+00   3.98174113e+00    156      0   0.00000000e+00   0.00000000e+00  -1.00000000e+00    156 -4.57398960e-05 3.34780875e-05 -1.56099191e-04
   135    2   3.97174113e+00   3.99674113e+00    156      0   0.00000000e+00   0.00000000e+00  -1.00000000e+00    156 -4.74299824e-05 3.52220184e-05 -1.62478960e-04
   136    0   3.98840780e+00   4.00174113e+00    168      0   0.00000000e+00   0.00000000e+00  -1.00000000e+00    168 -4.73399356e-05 3.80906187e-05 -1.72437173e-04
   136    1   4.01507446e+00   4.03174113e+00    168      0   0.00000000e+00   0.00000000e+00  -1.00000000e+00    168 -4.80514852e-05 3.87076800e-05 -1.74784870e-04
   136    2   4.02174113e+00   4.04674113e+00    164      0   0.00000000e+00   0.00000000e+00  -1.00000000e+00    164 -5.09542147e-05 4.03942078e-05 -1.80955413e-04
   137    0   4.03840780e+00   4.05174113e+00    172      0   0.00000000e+00   0.00000000e+00  -1.00000000e+00    172 -5.22271986e-05 4.30910997e-05 -1.90570019e-04
   137    1   4.06507446e+00   4.08174113e+00    172      0   0.00000000e+00   0.00000000e+00  -1.00000000e+00    172 -5.29759293e-05 4.37839625e-05 -1.92796417e-04
   137    2   4.07174113e+00   4.09674113e+00    172      0   0.00000000e+00   0.00000000e+00  -1.00000000e+00    172 -5.49749589e-05 4.56749520e-05 -1.98702140e-04
   138    0   4.08840780e+00   4.10174113e+00    172      0   0.00000000e+00   0.00000000e+00  -1.00000000e+00    172 -5.80845570e-05 4.88719644e-05 -2.07885701e-04
   138    1   4.11507446e+00   4.13174113e+00    172      0   0.00000000e+00   0.00000000e+00  -1.00000000e+00    172 -5.87912839e-05 4.96827701e-05 -2.09968473e-04
   138    2   4.12174113e+00   4.14674113e+00    179      0   0.00000000e+00   0.00000000e+00  -1.00000000e+00    179 -5.87161100e-05 5.17727702e-05 -2.15553183e-04
   139    0   4.13840780e+00   4.15174113e+00    168      0   0.00000000e+00   0.00000000e+00  -1.00000000e+00    168 -6.51162993e-05 5.52860583e-05 -2.24217327e-04
   139    1   4.16507446e+00   4.18174113e+00    168      0   0.00000000e+00   0.00000000e+00  -1.00000000e+00    168 -6.58662038e-05 5.61079365e-05 -2.26134055e-04
   139    2   4.17174113e+00   4.19674113e+00    168      0   0.00000000e+00   0.00000000e+00  -1.00000000e+00    168 -6.78874473e-05 5.83092908e-05 -2.31340648e-04
   140    0   4.18840780e+00   4.20174113e+00    176      0   0.00000000e+00   0.00000000e+00  -1.00000000e+00    176 -6.82773066e-05 6.17623992e-05 -2.39395423e-04
   140    1   4.21507446e+00   4.23174113e+00    176      0   0.00000000e+00   0.00000000e+00  -1.00000000e+00    176 -6.89483759e-05 6.26175998e-05 -2.41123214e-04
   140    2   4.22174113e+00   4.24674113e+00    188      0   0.00000000e+00   0.00000000e+00  -1.00000000e+00    188 -6.72767141e-05 6.42121551e-05 -2.45893922e-04
   141    0   4.23840780e+00   4.25174113e+00    188      0   0.00000000e+00   0.00000000e+00  -1.00000000e+00    188 -7.09050781e-05 6.71484268e-05 -2.53247782e-04
   141    1   4.26507446e+00   4.28174113e+00    192      0   0.00000000e+00   0.00000000e+00  -1.00000000e+00    192 -7.04462655e-05 6.77285933e-05 -2.54762515e-04
   141    2   4.27174113e+00   4.29674113e+00    188      0   0.00000000e+00   0.00000000e+00  -1.00000000e+00    188 -7.40435971e-05 6.97799119e-05 -2.59037120e-04
   142    0   4.28840780e+00   4.30174113e+00    200      0   0.00000000e+00   0.00000000e+00  -1.00000000e+00    200 -7.38093696e-05 7.23724544e-05 -2.65594699e-04
   142    1   4.31507446e+00   4.33174113e+00    198      0   0.00000000e+00   0.00000000e+00  -1.00000000e+00    198 -7.52870588e-05 7.31657234e-05 -2.66870751e-04
   142    2   4.32174113e+00   4.34674113e+00    200      0   0.00000000e+00   0.00000000e+00  -1.00000000e+00    200 -7.69092279e-05 7.50460495e-05 -2.70586056e-04
   143    0   4.33840780e+00   4.35174113e+00    208      0   0.00000000e+00   0.00000000e+00  -1.00000000e+00    208 -7.82768810e-05 7.75377039e-05 -2.78187085e-04
   143    1   4.36507446e+00   4.38174113e+00    208      0   0.00000000e+00   0.00000000e+00  -1.00000000e+00    208 -7.91827544e-05 7.82019980e-05 -2.79865865e-04
   143    2   4.37174113e+00   4.39674113e+00    204      0   0.00000000e+00   0.00000000e+00  -1.00000000e+00    204 -8.30476596e-05 8.02318826e-05 -2.84601202e-04
   144    0   4.38840780e+00   4.40174113e+00    212      0   0.00000000e+00   0.00000000e+00  -1.00000000e+00    212 -8.42194109e-05 8.29578732e-05 -2.91866854e-04
   144    1   4.41507446e+00   4.43174113e+00    214      0   0.00000000e+00   0.00000000e+00  -1.00000000e+00    214 -8.44776675e-05 8.35169121e-05 -2.93283620e-04
   144    2   4.42174113e+00   4.44674113e+00    216      0   0.00000000e+00   0.00000000e+00  -1.00000000e+00    216 -8.64482934e-05 8.51786751e-05 -2.97404191e-04
   145    0   4.43840780e+00   4.45174113e+00    216      0   0.00000000e+00   0.00000000e+00  -1.00000000e+00    216 -9.05785222e-05 8.81092124e-05 -3.03684860e-04
   145    1   4.46507446e+00   4.48174113e+00    216      0   0.00000000e+00   0.00000000e+00  -1.00000000e+00    216 -9.14956882e-05 8.87802992e-05 -3.04810555e-04
   145    2   4.47174113e+00   4.49674113e+00    220      0   0.00000000e+00   0.00000000e+00  -1.00000000e+00    220 -9.24829321e-05 9.05592086e-05 -3.08244678e-04
   146    0   4.48840780e+00   4.50174113e+00    220      0   0.00000000e+00   0.00000000e+00  -1.00000000e+00    220 -9.63235746e-05 9.37194301e-05 -3.14087259e-04
   146    1   4.51507446e+00   4.53174113e+00    216      0   0.00000000e+00   0.00000000e+00  -1.00000000e+00    216 -9.87682671e-05 9.45503722e-05 -3.16453146e-04
   146    2   4.52174113e+00   4.54674113e+00    208      0   0.00000000e+00   0.00000000e+00  -1.00000000e+00    208 -1.04659727e-04 9.66758424e-05 -3.22962153e-04
   147    0   4.53840780e+00   4.55174113e+00    212      0   0.00000000e+00   0.00000000e+00  -1.00000000e+00    212 -1.06765085e-04 9.97379590e-05 -3.33002973e-04
   147    1   4.56507446e+00   4.58174113e+00    220      0   0.00000000e+00   0.00000000e+00  -1.00000000e+00    220 -1.04143250e-04 1.00167151e-04 -3.35089439e-04
   147    2   4.57174113e+00   4.59674113e+00    220      0   0.00000000e+00   0.00000000e+00  -1.00000000e+00    220 -1.06840661e-04 1.01734684e-04 -3.40949778e-04
   148    0   4.58840780e+00   4.60174113e+00    228      0   0.00000000e+00   0.00000000e+00  -1.00000000e+00    228 -1.07476505e-04 1.04212355e-04 -3.49949149e-04
   148    1   4.61507446e+00   4.63174113e+00    232      0   0.00000000e+00   0.00000000e+00  -1.00000000e+00    232 -1.06775495e-04 1.04554265e-04 -3.51722535e-04
   148    2   4.62174113e+00   4.64674113e+00    236      0   0.00000000e+00   0.00000000e+00  -1.00000000e+00    236 -1.07984577e-04 1.05797894e-04 -3.56850738e-04
   149    0   4.63840780e+00   4.65174113e+00    240      0   0.00000000e+00   0.00000000e+00  -1.00000000e+00    240 -1.10699958e-04 1.08284919e-04 -3.64677391e-04
   149    1   4.66507446e+00   4.68174113e+00    240      0   0.00000000e+00   0.00000000e+00  -1.00000000e+00    240 -1.11648980e-04 1.08869436e-04 -3.66104169e-04
   149    2   4.67174113e+00   4.69674113e+00    248      0   0.00000000e+00   0.00000000e+00  -1.00000000e+00    248 -1.11053835e-04 1.10333246e-04 -3.70415505e-04
   150    0   4.68840780e+00   4.70174113e+00    276      0   0.00000000e+00   0.00000000e+00  -1.00000000e+00    276 -1.05008754e-04 1.11757662e-04 -3.76939875e-04
   150    1   4.71507446e+00   4.73174113e+00    272      0   0.00000000e+00   0.00000000e+00  -1.00000000e+00    272 -1.07374326e-04 1.12566593e-04 -3.77993071e-04
   150    2   4.72174113e+00   4.74674113e+00    284      0   0.00000000e+00   0.00000000e+00  -1.00000000e+00    284 -1.06647940e-04 1.13186620e-04 -3.81413608e-04
   151    0   4.73840780e+00   4.75174113e+00    280      0   0.00000000e+00   0.00000000e+00  -1.00000000e+00    280 -1.13541624e-04 1.16076034e-04 -3.86523983e-04
   151    1   4.76507446e+00   4.78174113e+00    284      0   0.00000000e+00   0.00000000e+00  -1.00000000e+00    284 -1.13290161e-04 1.16581033e-04 -3.87186278e-04
   151    2   4.77174113e+00   4.79674113e+00    284      0   0.00000000e+00   0.00000000e+00  -1.00000000e+00    284 -1.16634886e-04 1.18772237e-04 -3.89658865e-04
   152    0   4.78840780e+00   4.80174113e+00    284      0   0.00000000e+00   0.00000000e+00  -1.00000000e+00    284 -1.22091820e-04 1.22697931e-04 -3.99979170e-04
   152    1   4.81507446e+00   4.83174113e+00    288      0   0.00000000e+00   0.00000000e+00  -1.00000000e+00    288 -1.21792792e-04 1.23439885e-04 -4.03273867e-04
   152    2   4.82174113e+00   4.84674113e+00    288      0   0.00000000e+00   0.00000000e+00  -1.00000000e+00    288 -1.25627874e-04 1.25851874e-04 -4.12270658e-04
   153    0   4.83840780e+00   4.85174113e+00    288      0   0.00000000e+00   0.00000000e+00  -1.00000000e+00    288 -1.31981927e-04 1.30144978e-04 -4.57429437e-04
   153    1   4.86507446e+00   4.88174113e+00    288      0   0.00000000e+00   0.00000000e+00  -1.00000000e+00    288 -1.33394221e-04 1.31214602e-04 -4.68773909e-04
   153    2   4.87174113e+00   4.89674113e+00    292      0   0.00000000e+00   0.00000000e+00  -1.00000000e+00    292 -1.35514090e-04 1.34351247e-04 -4.98274065e-04
   154    0   4.88840780e+00   4.90174113e+00    288      0   0.00000000e+00   0.00000000e+00  -1.00000000e+00    288 -1.43296547e-04 1.40249043e-04 -5.44381000e-04
   154    1   4.91507446e+00   4.93174113e+00    288      0   0.00000000e+00   0.00000000e+00  -1.00000000e+00    288 -1.44626839e-04 1.41641891e-04 -5.55381762e-04
   154    2   4.92174113e+00   4.94674113e+00    292      0   0.00000000e+00   0.00000000e+00  -1.00000000e+00    292 -1.46595129e-04 1.45386146e-04 -5.84138526e-04
   155    0   4.93840780e+00   4.95174113e+00    304      0   0.00000000e+00   0.00000000e+00  -1.00000000e+00    304 -1.48415417e-04 1.50416750e-04 -6.29033382e-04
   155    1   4.96507446e+00   4.98174113e+00    304      0   0.00000000e+00   0.00000000e+00  -1.00000000e+00    304 -1.50054581e-04 1.51754042e-04 -6.39623249e-04
   155    2   4.97174113e+00   4.99674113e+00    308      0   0.00000000e+00   0.00000000e+00  -1.00000000e+00    308 -1.52644392e-04 1.55601186e-04 -6.67467603e-04
   156    0   4.98840780e+00   5.00174113e+00    320      0   0.00000000e+00   0.00000000e+00  -1.00000000e+00    320 -1.53911693e-04 1.62115242e-04 -7.10882242e-04
   156    1   5.01507446e+00   5.03174113e+00    320      0   0.00000000e+00   0.00000000e+00  -1.00000000e+00    320 -1.55360300e-04 1.63832659e-04 -7.20993650e-04
   156    2   5.02174113e+00   5.04674113e+00    332      0   0.00000000e+00   0.00000000e+00  -1.00000000e+00    332 -1.53984940e-04 1.67956697e-04 -7.47753695e-04
   157    0   5.03840780e+00   5.05174113e+00    348      0   0.00000000e+00   0.00000000e+00  -1.00000000e+00    348 -1.54059458e-04 1.74187928e-04 -7.89420163e-04
   157    1   5.06507446e+00   5.08174113e+00    352      0   0.00000000e+00   0.00000000e+00  -1.00000000e+00    352 -1.54117291e-04 1.75472299e-04 -7.98987426e-04
   157    2   5.07174113e+00   5.09674113e+00    352      0   0.00000000e+00   0.00000000e+00  -1.00000000e+00    352 -1.58802993e-04 1.80118111e-04 -8.24494332e-04
   158    0   5.08840780e+00   5.10174113e+00    360      0   0.00000000e+00   0.00000000e+00  -1.00000000e+00    360 -1.62698339e-04 1.87465850e-04 -8.64147933e-04
   158    1   5.11507446e+00   5.13174113e+00    360      0   0.00000000e+00   0.00000000e+00  -1.00000000e+00    360 -1.64299103e-04 1.89383719e-04 -8.73106174e-04
   158    2   5.12174113e+00   5.14674113e+00    364      0   0.00000000e+00   0.00000000e+00  -1.00000000e+00    364 -1.66996169e-04 1.94430445e-04 -8.97192805e-04
   159    0   5.13840780e+00   5.15174113e+00    368      0   0.00000000e+00   0.00000000e+00  -1.00000000e+00    368 -1.72134352e-04 2.03059880e-04 -9.34571215e-04
   159    1   5.16507446e+00   5.18174113e+00    368      0   0.00000000e+00   0.00000000e+00  -1.00000000e+00    368 -1.73607824e-04 2.05199501e-04 -9.42855753e-04
   159    2   5.17174113e+00   5.19674113e+00    364      0   0.00000000e+00   0.00000000e+00  -1.00000000e+00    364 -1.79568376e-04 2.11579971e-04 -9.65355463e-04
   160    0   5.18840780e+00   5.20174113e+00    368      0   0.00000000e+00   0.00000000e+00  -1.00000000e+00    368 -1.84190110e-04 2.20917747e-04 -1.00019565e-03
   160    1   5.21507446e+00   5.23174113e+00    364      0   0.00000000e+00   0.00000000e+00  -1.00000000e+00    364 -1.87501241e-04 2.23643688e-04 -1.00773804e-03
   160    2   5.22174113e+00   5.24674113e+00    380      0   0.00000000e+00   0.00000000e+00  -1.00000000e+00    380 -1.83828750e-04 2.27958321e-04 -1.02847862e-03
   161    0   5.23840780e+00   5.25174113e+00    380      0   0.00000000e+00   0.00000000e+00  -1.00000000e+00    380 -1.89780418e-04 2.37962097e-04 -1.06050718e-03
   161    1   5.26507446e+00   5.28174113e+00    384      0   0.00000000e+00   0.00000000e+00  -1.00000000e+00    384 -1.89186241e-04 2.39667570e-04 -1.06723555e-03
   161    2   5.27174113e+00   5.29674113e+00    400      0   0.00000000e+00   0.00000000e+00  -1.00000000e+00    400 -1.86159905e-04 2.43153694e-04 -1.08603822e-03
   162    0   5.28840780e+00   5.30174113e+00    400      0   0.00000000e+00   0.00000000e+00  -1.00000000e+00    400 -1.93620000e-04 2.51992890e-04 -1.11497294e-03
   162    1   5.31507446e+00   5.33174113e+00    400      0   0.00000000e+00   0.00000000e+00  -1.00000000e+00    400 -1.95221603e-04 2.54044034e-04 -1.12081242e-03
   162    2   5.32174113e+00   5.34674113e+00    400      0   0.00000000e+00   0.00000000e+00  -1.00000000e+00    400 -1.99680021e-04 2.59909630e-04 -1.13749145e-03
   163    0   5.33840780e+00   5.35174113e+00    408      0   0.00000000e+00   0.00000000e+00  -1.00000000e+00    408 -2.03299731e-04 2.67994375e-04 -1.16303818e-03
   163    1   5.36507446e+00   5.38174113e+00    412      0   0.00000000e+00   0.00000000e+00  -1.00000000e+00    412 -2.02999423e-04 2.69462146e-04 -1.16790994e-03
   163    2   5.37174113e+00   5.39674113e+00    420      0   0.00000000e+00   0.00000000e+00  -1.00000000e+00    420 -2.03730502e-04 2.74084090e-04 -1.18227070e-03
   164    0   5.38840780e+00   5.40174113e+00    432      0   0.00000000e+00   0.00000000e+00  -1.00000000e+00    432 -2.05805675e-04 2.81284432e-04 -1.20412100e-03
   164    1   5.41507446e+00   5.43174113e+00    438      0   0.00000000e+00   0.00000000e+00  -1.00000000e+00    438 -2.04769124e-04 2.82302161e-04 -1.20794159e-03
   164    2   5.42174113e+00   5.44674113e+00    440      0   0.00000000e+00   0.00000000e+00  -1.00000000e+00    440 -2.08638445e-04 2.87694779e-04 -1.21977890e-03
   165    0   5.43840780e+00   5.45174113e+00    436      0   0.00000000e+00   0.00000000e+00  -1.00000000e+00    436 -2.18381970e-04 2.97619293e-04 -1.23761941e-03
   165    1   5.46507446e+00   5.48174113e+00    440      0   0.00000000e+00   0.00000000e+00  -1.00000000e+00    440 -2.18258850e-04 2.98919920e-04 -1.24177756e-03
   165    2   5.47174113e+00   5.49674113e+00    440      0   0.00000000e+00   0.00000000e+00  -1.00000000e+00    440 -2.23415100e-04 3.04568743e-04 -1.25738803e-03
   166    0   5.48840780e+00   5.50174113e+00    436      0   0.00000000e+00   0.00000000e+00  -1.00000000e+00    436 -2.33591005e-04 3.14548275e-04 -1.28116921e-03
   166    1   5.51507446e+00   5.53174113e+00    436      0   0.00000000e+00   0.00000000e+00  -1.00000000e+00    436 -2.35341897e-04 3.16581959e-04 -1.28538822e-03
   166    2   5.52174113e+00   5.54674113e+00    440      0   0.00000000e+00   0.00000000e+00  -1.00000000e+00    440 -2.38174181e-04 3.21753154e-04 -1.29835699e-03
   167    0   5.53840780e+00   5.55174113e+00    440      0   0.00000000e+00   0.00000000e+00  -1.00000000e+00    440 -2.45712513e-04 3.31414412e-04 -1.31795545e-03
   167    1   5.56507446e+00   5.58174113e+00    440      0   0.00000000e+00   0.00000000e+00  -1.00000000e+00    440 -2.47259187e-04 3.33518604e-04 -1.32104317e-03
   167    2   5.57174113e+00   5.59674113e+00    440      0   0.00000000e+00   0.00000000e+00  -1.00000000e+00    440 -2.51743241e-04 3.39555201e-04 -1.33123841e-03
   168    0   5.58840780e+00   5.60174113e+00    440      0   0.00000000e+00   0.00000000e+00  -1.00000000e+00    440 -2.58963016e-04 3.49140355e-04 -1.34644844e-03
   168    1   5.61507446e+00   5.63174113e+00    440      0   0.00000000e+00   0.00000000e+00  -1.00000000e+00    440 -2.60445150e-04 3.51164146e-04 -1.34836763e-03
   168    2   5.62174113e+00   5.64674113e+00    448      0   0.00000000e+00   0.00000000e+00  -1.00000000e+00    448 -2.60625557e-04 3.55158006e-04 -1.35710928e-03
   169    0   5.63840780e+00   5.65174113e+00    452      0   0.00000000e+00   0.00000000e+00  -1.00000000e+00    452 -2.66067335e-04 3.63143630e-04 -1.39003095e-03
   169    1   5.66507446e+00   5.68174113e+00    456      0   0.00000000e+00   0.00000000e+00  -1.00000000e+00    456 -2.65357224e-04 3.64185424e-04 -1.39647236e-03
   169    2   5.67174113e+00   5.69674113e+00    464      0   0.00000000e+00   0.00000000e+00  -1.00000000e+00    464 -2.65584199e-04 3.67879304e-04 -1.41519915e-03
   170    0   5.68840780e+00   5.70174113e+00    466      0   0.00000000e+00   0.00000000e+00  -1.00000000e+00    466 -2.72928739e-04 3.75602420e-04 -1.44381244e-03
   170    1   5.71507446e+00   5.73174113e+00    464      0   0.00000000e+00   0.00000000e+00  -1.00000000e+00    464 -2.75920262e-04 3.77665059e-04 -1.44908584e-03
   170    2   5.72174113e+00   5.74674113e+00    468      0   0.00000000e+00   0.00000000e+00  -1.00000000e+00    468 -2.78937742e-04 3.81932866e-04 -1.46495076e-03
   171    0   5.73840780e+00   5.75174113e+00    472      0   0.00000000e+00   0.00000000e+00  -1.00000000e+00    472 -2.85513666e-04 3.89275053e-04 -1.48903342e-03
   171    1   5.76507446e+00   5.78174113e+00    480      0   0.00000000e+00   0.00000000e+00  -1.00000000e+00    480 -2.82867021e-04 3.89236784e-04 -1.49309511e-03
   171    2   5.77174113e+00   5.79674113e+00    488      0   0.00000000e+00   0.00000000e+00  -1.00000000e+00    488 -2.84110589e-04 3.92463433e-04 -1.50596913e-03
   172    0   5.78840780e+00   5.80174113e+00    504      0   0.00000000e+00   0.00000000e+00  -1.00000000e+00    504 -2.86151147e-04 3.96438273e-04 -1.52532185e-03
   172    1   5.81507446e+00   5.83174113e+00    500      0   0.00000000e+00   0.00000000e+00  -1.00000000e+00    500 -2.90775125e-04 3.98787794e-04 -1.52812907e-03
   172    2   5.82174113e+00   5.84674113e+00    500      0   0.00000000e+00   0.00000000e+00  -1.00000000e+00    500 -2.97597452e-04 4.03829842e-04 -1.53789412e-03
   173    0   5.83840780e+00   5.85174113e+00    508      0   0.00000000e+00   0.00000000e+00  -1.00000000e+00    508 -3.03608846e-04 4.11329874e-04 -1.55233453e-03
   173    1   5.86507446e+00   5.88174113e+00    508      0   0.00000000e+00   0.00000000e+00  -1.00000000e+00    508 -3.05927730e-04 4.13277275e-04 -1.55384894e-03
   173    2   5.87174113e+00   5.89674113e+00    516      0   0.00000000e+00   0.00000000e+00  -1.00000000e+00    516 -3.07728914e-04 4.17828225e-04 -1.56040037e-03
   174    0   5.88840780e+00   5.90174113e+00    520      0   0.00000000e+00   0.00000000e+00  -1.00000000e+00    520 -3.16511244e-04 4.26991199e-04 -1.56978254e-03
   174    1   5.91507446e+00   5.93174113e+00    520      0   0.00000000e+00   0.00000000e+00  -1.00000000e+00    520 -3.19009958e-04 4.29135461e-04 -1.57000051e-03
   174    2   5.92174113e+00   5.94674113e+00    516      0   0.00000000e+00   0.00000000e+00  -1.00000000e+00    516 -3.28454096e-04 4.36672177e-04 -1.58360562e-03
   175    0   5.93840780e+00   5.95174113e+00    516      0   0.00000000e+00   0.00000000e+00  -1.00000000e+00    516 -3.39337676e-04 4.48645177e-04 -1.62731165e-03
   175    1   5.96507446e+00   5.98174113e+00    506      0   0.00000000e+00   0.00000000e+00  -1.00000000e+00    506 -3.48150575e-04 4.53358117e-04 -1.63621711e-03
   175    2   5.97174113e+00   5.99674113e+00    508      0   0.00000000e+00   0.00000000e+00  -1.00000000e+00    508 -3.53377618e-04 4.61102770e-04 -1.66153689e-03
   176    0   5.98840780e+00   6.00174113e+00    525      0   0.00000000e+00   0.00000000e+00  -1.00000000e+00    525 -3.52822474e-04 4.70923591e-04 -1.75913487e-03
   176    1   6.01507446e+00   6.03174113e+00    532      0   0.00000000e+00   0.00000000e+00  -1.00000000e+00    532 -3.50965692e-04 4.72085978e-04 -1.78942030e-03
   176    2   6.02174113e+00   6.04674113e+00    528      0   0.00000000e+00   0.00000000e+00  -1.00000000e+00    528 -3.61426907e-04 4.80827921e-04 -1.86949727e-03
   177    0   6.03840780e+00   6.05174113e+00    528      0   0.00000000e+00   0.00000000e+00  -1.00000000e+00    528 -3.73629715e-04 4.94842251e-04 -1.99424783e-03
   177    1   6.06507446e+00   6.08174113e+00    528      0   0.00000000e+00   0.00000000e+00  -1.00000000e+00    528 -3.76201081e-04 4.98045783e-04 -2.02306407e-03
   177    2   6.07174113e+00   6.09674113e+00    516      0   0.00000000e+00   0.00000000e+00  -1.00000000e+00    516 -3.92294208e-04 5.10114033e-04 -2.09968534e-03
   178    0   6.08840780e+00   6.10174113e+00    516      0   0.00000000e+00   0.00000000e+00  -1.00000000e+00    516 -4.04504732e-04 5.25973027e-04 -2.21891710e-03
   178    1   6.11507446e+00   6.13174113e+00    520      0   0.00000000e+00   0.00000000e+00  -1.00000000e+00    520 -4.04124587e-04 5.28554777e-04 -2.24612755e-03
   178    2   6.12174113e+00   6.14674113e+00    532      0   0.00000000e+00   0.00000000e+00  -1.00000000e+00    532 -4.03792644e-04 5.35192369e-04 -2.31893304e-03
   179    0   6.13840780e+00   6.15174113e+00    546      0   0.00000000e+00   0.00000000e+00  -1.00000000e+00    546 -4.08138275e-04 5.47193472e-04 -2.43206872e-03
   179    1   6.16507446e+00   6.18174113e+00    548      0   0.00000000e+00   0.00000000e+00  -1.00000000e+00    548 -4.09806394e-04 5.50185380e-04 -2.45752597e-03
   179    2   6.17174113e+00   6.19674113e+00    560      0   0.00000000e+00   0.00000000e+00  -1.00000000e+00    560 -4.09884664e-04 5.57563756e-04 -2.52614457e-03
   180    0   6.18840780e+00   6.20174113e+00    556      0   0.00000000e+00   0.00000000e+00  -1.00000000e+00    556 -4.26707485e-04 5.75750043e-04 -2.63260331e-03
   180    1   6.21507446e+00   6.23174113e+00    556      0   0.00000000e+00   0.00000000e+00  -1.00000000e+00    556 -4.29731862e-04 5.79591659e-04 -2.65615705e-03
   180    2   6.22174113e+00   6.24674113e+00    552      0   0.00000000e+00   0.00000000e+00  -1.00000000e+00    552 -4.41588508e-04 5.91687668e-04 -2.72021103e-03
   181    0   6.23840780e+00   6.25174113e+00    552      0   0.00000000e+00   0.00000000e+00  -1.00000000e+00    552 -4.55261024e-04 6.10326690e-04 -2.81939633e-03
   181    1   6.26507446e+00   6.28174113e+00    552      0   0.00000000e+00   0.00000000e+00  -1.00000000e+00    552 -4.58117884e-04 6.14492331e-04 -2.84089139e-03
   181    2   6.27174113e+00   6.29674113e+00    556      0   0.00000000e+00   0.00000000e+00  -1.00000000e+00    556 -4.62957281e-04 6.25486899e-04 -2.89999382e-03
   182    0   6.28840780e+00   6.30174113e+00    576      0   0.00000000e+00   0.00000000e+00  -1.00000000e+00    576 -4.59352236e-04 6.39678464e-04 -2.99129415e-03
   182    1   6.31507446e+00   6.33174113e+00    576      0   0.00000000e+00   0.00000000e+00  -1.00000000e+00    576 -4.61816259e-04 6.44000442e-04 -3.01056786e-03
   182    2   6.32174113e+00   6.34674113e+00    580      0   0.00000000e+00   0.00000000e+00  -1.00000000e+00    580 -4.65871414e-04 6.55183681e-04 -3.06431199e-03
   183    0   6.33840780e+00   6.35174113e+00    588      0   0.00000000e+00   0.00000000e+00  -1.00000000e+00    588 -4.71639296e-04 6.72154126e-04 -3.14708399e-03
   183    1   6.36507446e+00   6.38174113e+00    594      0   0.00000000e+00   0.00000000e+00  -1.00000000e+00    594 -4.69820080e-04 6.74262974e-04 -3.16396545e-03
   183    2   6.37174113e+00   6.39674113e+00    596      0   0.00000000e+00   0.00000000e+00  -1.00000000e+00    596 -4.77337837e-04 6.84611136e-04 -3.21192923e-03
   184    0   6.38840780e+00   6.40174113e+00    601      0   0.00000000e+00   0.00000000e+00  -1.00000000e+00    601 -4.87311489e-04 7.01606691e-04 -3.28551700e-03
   184    1   6.41507446e+00   6.43174113e+00    604      0   0.00000000e+00   0.00000000e+00  -1.00000000e+00    604 -4.87764771e-04 7.04744445e-04 -3.29985240e-03
   184    2   6.42174113e+00   6.44674113e+00    600      0   0.00000000e+00   0.00000000e+00  -1.00000000e+00    600 -4.99309503e-04 7.17901907e-04 -3.34164109e-03
   185    0   6.43840780e+00   6.45174113e+00    600      0   0.00000000e+00   0.00000000e+00  -1.00000000e+00    600 -5.12894168e-04 7.37301506e-04 -3.40547211e-03
   185    1   6.46507446e+00   6.48174113e+00    604      0   0.00000000e+00   0.00000000e+00  -1.00000000e+00    604 -5.12418438e-04 7.40126881e-04 -3.41720309e-03
   185    2   6.47174113e+00   6.49674113e+00    609      0   0.00000000e+00   0.00000000e+00  -1.00000000e+00    609 -5.16934188e-04 7.50363131e-04 -3.45257606e-03
   186    0   6.48840780e+00   6.50174113e+00    612      0   0.00000000e+00   0.00000000e+00  -1.00000000e+00    612 -5.29328484e-04 7.68229893e-04 -3.50632096e-03
   186    1   6.51507446e+00   6.53174113e+00    616      0   0.00000000e+00   0.00000000e+00  -1.00000000e+00    616 -5.29050702e-04 7.70930408e-04 -3.51547771e-03
   186    2   6.52174113e+00   6.54674113e+00    616      0   0.00000000e+00   0.00000000e+00  -1.00000000e+00    616 -5.38301341e-04 7.82796955e-04 -3.54436174e-03
   187    0   6.53840780e+00   6.55174113e+00    620      0   0.00000000e+00   0.00000000e+00  -1.00000000e+00    620 -5.49780579e-04 8.00814226e-04 -3.58791292e-03
   187    1   6.56507446e+00   6.58174113e+00    628      0   0.00000000e+00   0.00000000e+00  -1.00000000e+00    628 -5.46032277e-04 8.02081779e-04 -3.59451978e-03
   187    2   6.57174113e+00   6.59674113e+00    640      0   0.00000000e+00   0.00000000e+00  -1.00000000e+00    640 -5.45249521e-04 8.09700043e-04 -3.61690183e-03
   188    0   6.58840780e+00   6.60174113e+00    652      0   0.00000000e+00   0.00000000e+00  -1.00000000e+00    652 -5.49607076e-04 8.25003586e-04 -3.65748463e-03
   188    1   6.61507446e+00   6.63174113e+00    656      0   0.00000000e+00   0.00000000e+00  -1.00000000e+00    656 -5.49250610e-04 8.27668185e-04 -3.66777774e-03
   188    2   6.62174113e+00   6.64674113e+00    656      0   0.00000000e+00   0.00000000e+00  -1.00000000e+00    656 -5.57739365e-04 8.39890838e-04 -3.69971592e-03
   189    0   6.63840780e+00   6.65174113e+00    664      0   0.00000000e+00   0.00000000e+00  -1.00000000e+00    664 -5.64131209e-04 8.56929115e-04 -3.74799011e-03
   189    1   6.66507446e+00   6.68174113e+00    660      0   0.00000000e+00   0.00000000e+00  -1.00000000e+00    660 -5.70044738e-04 8.62651456e-04 -3.75561892e-03
   189    2   6.67174113e+00   6.69674113e+00    664      0   0.00000000e+00   0.00000000e+00  -1.00000000e+00    664 -5.74106631e-04 8.73639164e-04 -3.78081592e-03
   190    0   6.68840780e+00   6.70174113e+00    668      0   0.00000000e+00   0.00000000e+00  -1.00000000e+00    668 -5.82537765e-04 8.92124028e-04 -3.81850643e-03
   190    1   6.71507446e+00   6.73174113e+00    676      0   0.00000000e+00   0.00000000e+00  -1.00000000e+00    676 -5.78221345e-04 8.92976070e-04 -3.82350250e-03
   190    2   6.72174113e+00   6.74674113e+00    676      0   0.00000000e+00   0.00000000e+00  -1.00000000e+00    676 -5.86377508e-04 9.04384332e-04 -3.84196642e-03
   191    0   6.73840780e+00   6.75174113e+00    668      0   0.00000000e+00   0.00000000e+00  -1.00000000e+00    668 -6.06744762e-04 9.25977245e-04 -3.86908760e-03
   191    1   6.76507446e+00   6.78174113e+00    672      0   0.00000000e+00   0.00000000e+00  -1.00000000e+00    672 -6.05838923e-04 9.28096990e-04 -3.87147057e-03
   191    2   6.77174113e+00   6.79674113e+00    684      0   0.00000000e+00   0.00000000e+00  -1.00000000e+00    684 -6.03847614e-04 9.34091489e-04 -3.89244739e-03
   192    0   6.78840780e+00   6.80174113e+00    682      0   0.00000000e+00   0.00000000e+00  -1.00000000e+00    682 -6.20110457e-04 9.52313773e-04 -3.96326712e-03
   192    1   6.81507446e+00   6.83174113e+00    685      0   0.00000000e+00   0.00000000e+00  -1.00000000e+00    685 -6.20298315e-04 9.54645891e-04 -3.97634359e-03
   192    2   6.82174113e+00   6.84674113e+00    692      0   0.00000000e+00   0.00000000e+00  -1.00000000e+00    692 -6.23010687e-04 9.62469984e-04 -4.01567552e-03
   193    0   6.83840780e+00   6.85174113e+00    688      0   0.00000000e+00   0.00000000e+00  -1.00000000e+00    688 -6.41224258e-04 9.81647993e-04 -4.07542067e-03
   193    1   6.86507446e+00   6.88174113e+00    696      0   0.00000000e+00   0.00000000e+00  -1.00000000e+00    696 -6.37039191e-04 9.81727158e-04 -4.08562435e-03
   193    2   6.87174113e+00   6.89674113e+00    696      0   0.00000000e+00   0.00000000e+00  -1.00000000e+00    696 -6.46792907e-04 9.92035712e-04 -4.11776663e-03
   194    0   6.88840780e+00   6.90174113e+00    712      0   0.00000000e+00   0.00000000e+00  -1.00000000e+00    712 -6.50689655e-04 1.00114709e-03 -4.16621161e-03
   194    1   6.91507446e+00   6.93174113e+00    712      0   0.00000000e+00   0.00000000e+00  -1.00000000e+00    712 -6.54505602e-04 1.00441916e-03 -4.17355837e-03
   194    2   6.92174113e+00   6.94674113e+00    704      0   0.00000000e+00   0.00000000e+00  -1.00000000e+00    704 -6.72905476e-04 1.01844440e-03 -4.19846067e-03
   195    0   6.93840780e+00   6.95174113e+00    714      0   0.00000000e+00   0.00000000e+00  -1.00000000e+00    714 -6.80992321e-04 1.03281734e-03 -4.23554739e-03
   195    1   6.96507446e+00   6.98174113e+00    719      0   0.00000000e+00   0.00000000e+00  -1.00000000e+00    719 -6.80060707e-04 1.03448947e-03 -4.24007856e-03
   195    2   6.97174113e+00   6.99674113e+00    720      0   0.00000000e+00   0.00000000e+00  -1.00000000e+00    720 -6.89921775e-04 1.04596554e-03 -4.25776597e-03
   196    0   6.98840780e+00   7.00174113e+00    732      0   0.00000000e+00   0.00000000e+00  -1.00000000e+00    732 -6.97138047e-04 1.06021954e-03 -4.28353221e-03
   196    1   7.01507446e+00   7.03174113e+00    725      0   0.00000000e+00   0.00000000e+00  -1.00000000e+00    725 -7.07957248e-04 1.06703010e-03 -4.28527336e-03
   196    2   7.02174113e+00   7.04674113e+00    732      0   0.00000000e+00   0.00000000e+00  -1.00000000e+00    732 -7.13039282e-04 1.07649918e-03 -4.29579008e-03
   197    0   7.03840780e+00   7.05174113e+00    712      0   0.00000000e+00   0.00000000e+00  -1.00000000e+00    712 -7.51620362e-04 1.10660163e-03 -4.31031243e-03
   197    1   7.06507446e+00   7.08174113e+00    712      0   0.00000000e+00   0.00000000e+00  -1.00000000e+00    712 -7.55478951e-04 1.11120481e-03 -4.30929844e-03
   197    2   7.07174113e+00   7.09674113e+00    716      0   0.00000000e+00   0.00000000e+00  -1.00000000e+00    716 -7.62336662e-04 1.12374478e-03 -4.31271325e-03
   198    0   7.08840780e+00   7.10174113e+00    736      0   0.00000000e+00   0.00000000e+00  -1.00000000e+00    736 -7.59445172e-04 1.13848977e-03 -4.40247494e-03
   198    1   7.11507446e+00   7.13174113e+00    736      0   0.00000000e+00   0.00000000e+00  -1.00000000e+00    736 -7.63766651e-04 1.14295096e-03 -4.42121809e-03
   198    2   7.12174113e+00   7.14674113e+00    744      0   0.00000000e+00   0.00000000e+00  -1.00000000e+00    744 -7.68982183e-04 1.15274057e-03 -4.47548214e-03
   199    0   7.13840780e+00   7.15174113e+00    748      0   0.00000000e+00   0.00000000e+00  -1.00000000e+00    748 -7.85874583e-04 1.17407812e-03 -4.55850345e-03
   199    1   7.16507446e+00   7.18174113e+00    744      0   0.00000000e+00   0.00000000e+00  -1.00000000e+00    744 -7.94353990e-04 1.18086301e-03 -4.57414555e-03
   199    2   7.17174113e+00   7.19674113e+00    744      0   0.00000000e+00   0.00000000e+00  -1.00000000e+00    744 -8.06624184e-04 1.19639947e-03 -4.62910062e-03
   200    0   7.18840780e+00   7.20174113e+00    740      0   0.00000000e+00   0.00000000e+00  -1.00000000e+00    740 -8.30023059e-04 1.22472524e-03 -4.88521955e-03
   200    1   7.21507446e+00   7.23174113e+00    744      0   0.00000000e+00   0.00000000e+00  -1.00000000e+00    744 -8.29462238e-04 1.22858154e-03 -4.94334676e-03
   200    2   7.22174113e+00   7.24674113e+00    752      0   0.00000000e+00   0.00000000e+00  -1.00000000e+00    752 -8.33038500e-04 1.24124860e-03 -5.09939451e-03
   201    0   7.23840780e+00   7.25174113e+00    764      0   0.00000000e+00   0.00000000e+00  -1.00000000e+00    764 -8.42640556e-04 1.26118362e-03 -5.34171163e-03
   201    1   7.26507446e+00   7.28174113e+00    764      0   0.00000000e+00   0.00000000e+00  -1.00000000e+00    764 -8.47588285e-04 1.26655358e-03 -5.39596357e-03
   201    2   7.27174113e+00   7.29674113e+00    768      0   0.00000000e+00   0.00000000e+00  -1.00000000e+00    768 -8.57168993e-04 1.28135745e-03 -5.54264547e-03
   202    0   7.28840780e+00   7.30174113e+00    784      0   0.00000000e+00   0.00000000e+00  -1.00000000e+00    784 -8.61238995e-04 1.30223999e-03 -5.77005672e-03
   202    1   7.31507446e+00   7.33174113e+00    788      0   0.00000000e+00   0.00000000e+00  -1.00000000e+00    788 -8.61310693e-04 1.30646375e-03 -5.82014400e-03
   202    2   7.32174113e+00   7.34674113e+00    780      0   0.00000000e+00   0.00000000e+00  -1.00000000e+00    780 -8.82824174e-04 1.32883142e-03 -5.95674216e-03
   203    0   7.33840780e+00   7.35174113e+00    792      0   0.00000000e+00   0.00000000e+00  -1.00000000e+00    792 -8.90346250e-04 1.35329605e-03 -6.16812181e-03
   203    1   7.36507446e+00   7.38174113e+00    796      0   0.00000000e+00   0.00000000e+00  -1.00000000e+00    796 -8.90185188e-04 1.35777847e-03 -6.21374607e-03
   203    2   7.37174113e+00   7.39674113e+00    792      0   0.00000000e+00   0.00000000e+00  -1.00000000e+00    792 -9.07363058e-04 1.37887444e-03 -6.33951885e-03
   204    0   7.38840780e+00   7.40174113e+00    788      0   0.00000000e+00   0.00000000e+00  -1.00000000e+00    788 -9.31807297e-04 1.41259242e-03 -6.53374072e-03
   204    1   7.41507446e+00   7.43174113e+00    786      0   0.00000000e+00   0.00000000e+00  -1.00000000e+00    786 -9.38120694e-04 1.42036754e-03 -6.57465928e-03
   204    2   7.42174113e+00   7.44674113e+00    800      0   0.00000000e+00   0.00000000e+00  -1.00000000e+00    800 -9.33352451e-04 1.43301860e-03 -6.68895751e-03
   205    0   7.43840780e+00   7.45174113e+00    807      0   0.00000000e+00   0.00000000e+00  -1.00000000e+00    807 -9.43068176e-04 1.46171899e-03 -6.86507141e-03
   205    1   7.46507446e+00   7.48174113e+00    800      0   0.00000000e+00   0.00000000e+00  -1.00000000e+00    800 -9.55195532e-04 1.47198390e-03 -6.90120632e-03
   205    2   7.47174113e+00   7.49674113e+00    804      0   0.00000000e+00   0.00000000e+00  -1.00000000e+00    804 -9.63444666e-04 1.48844818e-03 -7.00365408e-03
   206    0   7.48840780e+00   7.50174113e+00    812      0   0.00000000e+00   0.00000000e+00  -1.00000000e+00    812 -9.77182670e-04 1.51317681e-03 -7.16113297e-03
   206    1   7.51507446e+00   7.53174113e+00    808      0   0.00000000e+00   0.00000000e+00  -1.00000000e+00    808 -9.86848132e-04 1.52142431e-03 -7.19251893e-03
   206    2   7.52174113e+00   7.54674113e+00    808      0   0.00000000e+00   0.00000000e+00  -1.00000000e+00    808 -1.00098461e-03 1.53990597e-03 -7.28297910e-03
   207    0   7.53840780e+00   7.55174113e+00    808      0   0.00000000e+00   0.00000000e+00  -1.00000000e+00    808 -1.02319136e-03 1.57064916e-03 -7.42161790e-03
   207    1   7.56507446e+00   7.58174113e+00    808      0   0.00000000e+00   0.00000000e+00  -1.00000000e+00    808 -1.02782197e-03 1.57697069e-03 -7.44827334e-03
   207    2   7.57174113e+00   7.59674113e+00    820      0   0.00000000e+00   0.00000000e+00  -1.00000000e+00    820 -1.02613840e-03 1.58939675e-03 -7.52668693e-03
   208    0   7.58840780e+00   7.60174113e+00    832      0   0.00000000e+00   0.00000000e+00  -1.00000000e+00    832 -1.03350177e-03 1.61334985e-03 -7.64640096e-03
   208    1   7.61507446e+00   7.63174113e+00    836      0   0.00000000e+00   0.00000000e+00  -1.00000000e+00    836 -1.03346459e-03 1.61716526e-03 -7.66833041e-03
   208    2   7.62174113e+00   7.64674113e+00    840      0   0.00000000e+00   0.00000000e+00  -1.00000000e+00    840 -1.04276861e-03 1.63366165e-03 -7.73467497e-03
   209    0   7.63840780e+00   7.65174113e+00    852      0   0.00000000e+00   0.00000000e+00  -1.00000000e+00    852 -1.05047391e-03 1.65783074e-03 -7.83544098e-03
   209    1   7.66507446e+00   7.68174113e+00    854      0   0.00000000e+00   0.00000000e+00  -1.00000000e+00    854 -1.05268496e-03 1.66301040e-03 -7.85266375e-03
   209    2   7.67174113e+00   7.69674113e+00    852      0   0.00000000e+00   0.00000000e+00  -1.00000000e+00    852 -1.06940060e-03 1.68330111e-03 -7.90695549e-03
   210    0   7.68840780e+00   7.70174113e+00    852      0   0.00000000e+00   0.00000000e+00  -1.00000000e+00    852 -1.09240468e-03 1.71476009e-03 -7.98881007e-03
   210    1   7.71507446e+00   7.73174113e+00    852      0   0.00000000e+00   0.00000000e+00  -1.00000000e+00    852 -1.09710459e-03 1.72122661e-03 -8.00135973e-03
   210    2   7.72174113e+00   7.74674113e+00    853      0   0.00000000e+00   0.00000000e+00  -1.00000000e+00    853 -1.10958636e-03 1.74042271e-03 -8.04365216e-03
   211    0   7.73840780e+00   7.75174113e+00    868      0   0.00000000e+00   0.00000000e+00  -1.00000000e+00    868 -1.11205643e-03 1.76365708e-03 -8.10669054e-03
   211    1   7.76507446e+00   7.78174113e+00    864      0   0.00000000e+00   0.00000000e+00  -1.00000000e+00    864 -1.12147229e-03 1.77275430e-03 -8.11461482e-03
   211    2   7.77174113e+00   7.79674113e+00    856      0   0.00000000e+00   0.00000000e+00  -1.00000000e+00    856 -1.14476148e-03 1.79793553e-03 -8.15175897e-03
   212    0   7.78840780e+00   7.80174113e+00    850      0   0.00000000e+00   0.00000000e+00  -1.00000000e+00    850 -1.17271255e-03 1.83506516e-03 -8.24336322e-03
   212    1   7.81507446e+00   7.83174113e+00    844      0   0.00000000e+00   0.00000000e+00  -1.00000000e+00    844 -1.18471293e-03 1.84579724e-03 -8.25812970e-03
   212    2   7.82174113e+00   7.84674113e+00    856      0   0.00000000e+00   0.00000000e+00  -1.00000000e+00    856 -1.17944702e-03 1.85863218e-03 -8.30637145e-03
   213    0   7.83840780e+00   7.85174113e+00    868      0   0.00000000e+00   0.00000000e+00  -1.00000000e+00    868 -1.18284840e-03 1.88272633e-03 -8.37865195e-03
   213    1   7.86507446e+00   7.88174113e+00    868      0   0.00000000e+00   0.00000000e+00  -1.00000000e+00    868 -1.18705582e-03 1.88885462e-03 -8.38866088e-03
   213    2   7.87174113e+00   7.89674113e+00    871      0   0.00000000e+00   0.00000000e+00  -1.00000000e+00    871 -1.19549858e-03 1.90589641e-03 -8.42466190e-03
   214    0   7.88840780e+00   7.90174113e+00    868      0   0.00000000e+00   0.00000000e+00  -1.00000000e+00    868 -1.21945729e-03 1.93909483e-03 -8.47775661e-03
   214    1   7.91507446e+00   7.93174113e+00    876      0   0.00000000e+00   0.00000000e+00  -1.00000000e+00    876 -1.21284509e-03 1.93943406e-03 -8.48306570e-03
   214    2   7.92174113e+00   7.94674113e+00    880      0   0.00000000e+00   0.00000000e+00  -1.00000000e+00    880 -1.22097416e-03 1.95474831e-03 -8.50694297e-03
   215    0   7.93840780e+00   7.95174113e+00    888      0   0.00000000e+00   0.00000000e+00  -1.00000000e+00    888 -1.23161824e-03 1.97907688e-03 -8.54104607e-03
   215    1   7.96507446e+00   7.98174113e+00    892      0   0.00000000e+00   0.00000000e+00  -1.00000000e+00    892 -1.23047964e-03 1.98212693e-03 -8.55387986e-03
   215    2   7.97174113e+00   7.99674113e+00    896      0   0.00000000e+00   0.00000000e+00  -1.00000000e+00    896 -1.23824499e-03 1.99755376e-03 -8.62935403e-03
   216    0   7.98840780e+00   8.00174113e+00    896      0   0.00000000e+00   0.00000000e+00  -1.00000000e+00    896 -1.26030652e-03 2.02704931e-03 -8.74416530e-03
   216    1   8.01507446e+00   8.03174113e+00    900      0   0.00000000e+00   0.00000000e+00  -1.00000000e+00    900 -1.25943564e-03 2.02983484e-03 -8.76427435e-03
   216    2   8.02174113e+00   8.04674113e+00    925      0   0.00000000e+00   0.00000000e+00  -1.00000000e+00    925 -1.24184412e-03 2.02878624e-03 -8.82676115e-03
   217    0   8.03840780e+00   8.05174113e+00    936      0   0.00000000e+00   0.00000000e+00  -1.00000000e+00    936 -1.25460631e-03 2.04847136e-03 -8.92119878e-03
   217    1   8.06507446e+00   8.08174113e+00    934      0   0.00000000e+00   0.00000000e+00  -1.00000000e+00    934 -1.26274927e-03 2.05538346e-03 -8.93627393e-03
   217    2   8.07174113e+00   8.09674113e+00    936      0   0.00000000e+00   0.00000000e+00  -1.00000000e+00    936 -1.27610842e-03 2.07197999e-03 -8.98583092e-03
   218    0   8.08840780e+00   8.10174113e+00    952      0   0.00000000e+00   0.00000000e+00  -1.00000000e+00    952 -1.28061448e-03 2.09106502e-03 -9.05999652e-03
   218    1   8.11507446e+00   8.13174113e+00    948      0   0.00000000e+00   0.00000000e+00  -1.00000000e+00    948 -1.29119725e-03 2.09993257e-03 -9.07008724e-03
   218    2   8.12174113e+00   8.14674113e+00    948      0   0.00000000e+00   0.00000000e+00  -1.00000000e+00    948 -1.30643976e-03 2.11944869e-03 -9.10680931e-03
   219    0   8.13840780e+00   8.15174113e+00    972      0   0.00000000e+00   0.00000000e+00  -1.00000000e+00    972 -1.30129266e-03 2.13373760e-03 -9.16086289e-03
   219    1   8.16507446e+00   8.18174113e+00    972      0   0.00000000e+00   0.00000000e+00  -1.00000000e+00    972 -1.30693338e-03 2.13996869e-03 -9.16603310e-03
   219    2   8.17174113e+00   8.19674113e+00    964      0   0.00000000e+00   0.00000000e+00  -1.00000000e+00    964 -1.33428739e-03 2.16555966e-03 -9.19005214e-03
   220    0   8.18840780e+00   8.20174113e+00    960      0   0.00000000e+00   0.00000000e+00  -1.00000000e+00    960 -1.36569144e-03 2.20267130e-03 -9.22421177e-03
   220    1   8.21507446e+00   8.23174113e+00    960      0   0.00000000e+00   0.00000000e+00  -1.00000000e+00    960 -1.37072328e-03 2.20977893e-03 -9.22453947e-03
   220    2   8.22174113e+00   8.24674113e+00    964      0   0.00000000e+00   0.00000000e+00  -1.00000000e+00    964 -1.37977207e-03 2.22918671e-03 -9.23602394e-03
   221    0   8.23840780e+00   8.25174113e+00    972      0   0.00000000e+00   0.00000000e+00  -1.00000000e+00    972 -1.39240988e-03 2.25993670e-03 -9.25056498e-03
   221    1   8.26507446e+00   8.28174113e+00    980      0   0.00000000e+00   0.00000000e+00  -1.00000000e+00    980 -1.38656915e-03 2.26114033e-03 -9.24614231e-03
   221    2   8.27174113e+00   8.29674113e+00    980      0   0.00000000e+00   0.00000000e+00  -1.00000000e+00    980 -1.40453410e-03 2.28218937e-03 -9.25273918e-03
   222    0   8.28840780e+00   8.30174113e+00    980      0   0.00000000e+00   0.00000000e+00  -1.00000000e+00    980 -1.43318301e-03 2.31812201e-03 -9.41354225e-03
   222    1   8.31507446e+00   8.33174113e+00    972      0   0.00000000e+00   0.00000000e+00  -1.00000000e+00    972 -1.45071762e-03 2.33148113e-03 -9.44443914e-03
   222    2   8.32174113e+00   8.34674113e+00    964      0   0.00000000e+00   0.00000000e+00  -1.00000000e+00    964 -1.47976348e-03 2.36090205e-03 -9.53541767e-03
   223    0   8.33840780e+00   8.35174113e+00    956      0   0.00000000e+00   0.00000000e+00  -1.00000000e+00    956 -1.51914935e-03 2.40648844e-03 -9.67425316e-03
   223    1   8.36507446e+00   8.38174113e+00    959      0   0.00000000e+00   0.00000000e+00  -1.00000000e+00    959 -1.51976634e-03 2.41235635e-03 -9.69968857e-03
   223    2   8.37174113e+00   8.39674113e+00    968      0   0.00000000e+00   0.00000000e+00  -1.00000000e+00    968 -1.52292645e-03 2.42968932e-03 -9.77668110e-03
   224    0   8.38840780e+00   8.40174113e+00   1002      0   0.00000000e+00   0.00000000e+00  -1.00000000e+00   1002 -1.50316052e-03 2.44108677e-03 -9.89357612e-03
   224    1   8.41507446e+00   8.43174113e+00   1000      0   0.00000000e+00   0.00000000e+00  -1.00000000e+00   1000 -1.51332044e-03 2.44993564e-03 -9.97515197e-03
   224    2   8.42174113e+00   8.44674113e+00   1008      0   0.00000000e+00   0.00000000e+00  -1.00000000e+00   1008 -1.52174545e-03 2.46721789e-03 -1.02313558e-02
   225    0   8.43840780e+00   8.45174113e+00   1016      0   0.00000000e+00   0.00000000e+00  -1.00000000e+00   1016 -1.54109888e-03 2.50113604e-03 -1.06282072e-02
   225    1   8.46507446e+00   8.48174113e+00   1016      0   0.00000000e+00   0.00000000e+00  -1.00000000e+00   1016 -1.54766408e-03 2.50929976e-03 -1.07151958e-02
   225    2   8.47174113e+00   8.49674113e+00   1016      0   0.00000000e+00   0.00000000e+00  -1.00000000e+00   1016 -1.56659242e-03 2.53483028e-03 -1.09532735e-02
   226    0   8.48840780e+00   8.50174113e+00   1016      0   0.00000000e+00   0.00000000e+00  -1.00000000e+00   1016 -1.59640934e-03 2.57753724e-03 -1.13216010e-02
   226    1   8.51507446e+00   8.53174113e+00   1030      0   0.00000000e+00   0.00000000e+00  -1.00000000e+00   1030 -1.58086805e-03 2.57526839e-03 -1.14011838e-02
   226    2   8.52174113e+00   8.54674113e+00   1028      0   0.00000000e+00   0.00000000e+00  -1.00000000e+00   1028 -1.60173153e-03 2.60366037e-03 -1.16207225e-02
   227    0   8.53840780e+00   8.55174113e+00   1033      0   0.00000000e+00   0.00000000e+00  -1.00000000e+00   1033 -1.62120555e-03 2.64447320e-03 -1.19599248e-02
   227    1   8.56507446e+00   8.58174113e+00   1032      0   0.00000000e+00   0.00000000e+00  -1.00000000e+00   1032 -1.62813194e-03 2.65447363e-03 -1.20321300e-02
   227    2   8.57174113e+00   8.59674113e+00   1036      0   0.00000000e+00   0.00000000e+00  -1.00000000e+00   1036 -1.63784586e-03 2.67919424e-03 -1.22329594e-02
   228    0   8.58840780e+00   8.60174113e+00   1044      0   0.00000000e+00   0.00000000e+00  -1.00000000e+00   1044 -1.64984548e-03 2.71852533e-03 -1.25427469e-02
   228    1   8.61507446e+00   8.63174113e+00   1048      0   0.00000000e+00   0.00000000e+00  -1.00000000e+00   1048 -1.64807892e-03 2.72462948e-03 -1.26075367e-02
   228    2   8.62174113e+00   8.64674113e+00   1052      0   0.00000000e+00   0.00000000e+00  -1.00000000e+00   1052 -1.65725378e-03 2.74882693e-03 -1.27895038e-02
   229    0   8.63840780e+00   8.65174113e+00   1064      0   0.00000000e+00   0.00000000e+00  -1.00000000e+00   1064 -1.66731423e-03 2.78131804e-03 -1.30696604e-02
   229    1   8.66507446e+00   8.68174113e+00   1068      0   0.00000000e+00   0.00000000e+00  -1.00000000e+00   1068 -1.66716123e-03 2.78637161e-03 -1.31270189e-02
   229    2   8.67174113e+00   8.69674113e+00   1062      0   0.00000000e+00   0.00000000e+00  -1.00000000e+00   1062 -1.69551394e-03 2.81722336e-03 -1.32900364e-02
   230    0   8.68840780e+00   8.70174113e+00   1060      0   0.00000000e+00   0.00000000e+00  -1.00000000e+00   1060 -1.72866887e-03 2.86200178e-03 -1.35404415e-02
   230    1   8.71507446e+00   8.73174113e+00   1060      0   0.00000000e+00   0.00000000e+00  -1.00000000e+00   1060 -1.73454260e-03 2.87076766e-03 -1.35903730e-02
   230    2   8.72174113e+00   8.74674113e+00   1060      0   0.00000000e+00   0.00000000e+00  -1.00000000e+00   1060 -1.75292234e-03 2.89741666e-03 -1.37344057e-02
   231    0   8.73840780e+00   8.75174113e+00   1068      0   0.00000000e+00   0.00000000e+00  -1.00000000e+00   1068 -1.76959099e-03 2.93401221e-03 -1.39550197e-02
   231    1   8.76507446e+00   8.78174113e+00   1064      0   0.00000000e+00   0.00000000e+00  -1.00000000e+00   1064 -1.78225821e-03 2.94626298e-03 -1.39975479e-02
   231    2   8.77174113e+00   8.79674113e+00   1064      0   0.00000000e+00   0.00000000e+00  -1.00000000e+00   1064 -1.80141074e-03 2.97279132e-03 -1.41226120e-02
   232    0   8.78840780e+00   8.80174113e+00   1052      0   0.00000000e+00   0.00000000e+00  -1.00000000e+00   1052 -1.85425350e-03 3.02691752e-03 -1.43134760e-02
   232    1   8.81507446e+00   8.83174113e+00   1056      0   0.00000000e+00   0.00000000e+00  -1.00000000e+00   1056 -1.85387666e-03 3.03196133e-03 -1.43486439e-02
   232    2   8.82174113e+00   8.84674113e+00   1052      0   0.00000000e+00   0.00000000e+00  -1.00000000e+00   1052 -1.88079803e-03 3.06258017e-03 -1.44548049e-02
   233    0   8.83840780e+00   8.85174113e+00   1060      0   0.00000000e+00   0.00000000e+00  -1.00000000e+00   1060 -1.89945039e-03 3.09915921e-03 -1.46160379e-02
   233    1   8.86507446e+00   8.88174113e+00   1060      0   0.00000000e+00   0.00000000e+00  -1.00000000e+00   1060 -1.90623210e-03 3.10782503e-03 -1.46439078e-02
   233    2   8.87174113e+00   8.89674113e+00   1073      0   0.00000000e+00   0.00000000e+00  -1.00000000e+00   1073 -1.90427582e-03 3.12229740e-03 -1.47312819e-02
   234    0   8.88840780e+00   8.90174113e+00   1087      0   0.00000000e+00   0.00000000e+00  -1.00000000e+00   1087 -1.91223908e-03 3.15354113e-03 -1.48630811e-02
   234    1   8.91507446e+00   8.93174113e+00   1080      0   0.00000000e+00   0.00000000e+00  -1.00000000e+00   1080 -1.93089734e-03 3.16892676e-03 -1.48837337e-02
   234    2   8.92174113e+00   8.94674113e+00   1076      0   0.00000000e+00   0.00000000e+00  -1.00000000e+00   1076 -1.95680281e-03 3.20057239e-03 -1.49524854e-02
   235    0   8.93840780e+00   8.95174113e+00   1092      0   0.00000000e+00   0.00000000e+00  -1.00000000e+00   1092 -1.95701897e-03 3.23161064e-03 -1.50551243e-02
   235    1   8.96507446e+00   8.98174113e+00   1092      0   0.00000000e+00   0.00000000e+00  -1.00000000e+00   1092 -1.96247132e-03 3.24081068e-03 -1.50686587e-02
   235    2   8.97174113e+00   8.99674113e+00   1092      0   0.00000000e+00   0.00000000e+00  -1.00000000e+00   1092 -1.97888737e-03 3.26937235e-03 -1.51190007e-02
   236    0   8.98840780e+00   9.00174113e+00   1096      0   0.00000000e+00   0.00000000e+00  -1.00000000e+00   1096 -1.99684876e-03 3.31239559e-03 -1.52079339e-02
   236    1   9.01507446e+00   9.03174113e+00   1098      0   0.00000000e+00   0.00000000e+00  -1.00000000e+00   1098 -1.99772593e-03 3.31978950e-03 -1.52327709e-02
   236    2   9.02174113e+00   9.04674113e+00   1100      0   0.00000000e+00   0.00000000e+00  -1.00000000e+00   1100 -2.01027925e-03 3.34541023e-03 -1.53125864e-02
   237    0   9.03840780e+00   9.05174113e+00   1104      0   0.00000000e+00   0.00000000e+00  -1.00000000e+00   1104 -2.03051683e-03 3.38551220e-03 -1.54324549e-02
   237    1   9.06507446e+00   9.08174113e+00   1100      0   0.00000000e+00   0.00000000e+00  -1.00000000e+00   1100 -2.04299023e-03 3.39816443e-03 -1.54500034e-02
   237    2   9.07174113e+00   9.09674113e+00   1096      0   0.00000000e+00   0.00000000e+00  -1.00000000e+00   1096 -2.06648311e-03 3.42936274e-03 -1.55109883e-02
   238    0   9.08840780e+00   9.10174113e+00   1104      0   0.00000000e+00   0.00000000e+00  -1.00000000e+00   1104 -2.08068133e-03 3.46389747e-03 -1.56013806e-02
   238    1   9.11507446e+00   9.13174113e+00   1107      0   0.00000000e+00   0.00000000e+00  -1.00000000e+00   1107 -2.08073776e-03 3.46911442e-03 -1.56117505e-02
   238    2   9.12174113e+00   9.14674113e+00   1112      0   0.00000000e+00   0.00000000e+00  -1.00000000e+00   1112 -2.08917280e-03 3.49003277e-03 -1.56541452e-02
   239    0   9.13840780e+00   9.15174113e+00   1114      0   0.00000000e+00   0.00000000e+00  -1.00000000e+00   1114 -2.11459135e-03 3.53044359e-03 -1.57154533e-02
   239    1   9.16507446e+00   9.18174113e+00   1116      0   0.00000000e+00   0.00000000e+00  -1.00000000e+00   1116 -2.11648351e-03 3.53657820e-03 -1.57187727e-02
   239    2   9.17174113e+00   9.19674113e+00   1112      0   0.00000000e+00   0.00000000e+00  -1.00000000e+00   1112 -2.14174940e-03 3.56667920e-03 -1.57428640e-02
   240    0   9.18840780e+00   9.20174113e+00   1117      0   0.00000000e+00   0.00000000e+00  -1.00000000e+00   1117 -2.16365267e-03 3.60265104e-03 -1.58501319e-02
   240    1   9.21507446e+00   9.23174113e+00   1128      0   0.00000000e+00   0.00000000e+00  -1.00000000e+00   1128 -2.15019125e-03 3.59842184e-03 -1.58847642e-02
   240    2   9.22174113e+00   9.24674113e+00   1128      0   0.00000000e+00   0.00000000e+00  -1.00000000e+00   1128 -2.17225018e-03 3.62259186e-03 -1.59903758e-02
   241    0   9.23840780e+00   9.25174113e+00   1144      0   0.00000000e+00   0.00000000e+00  -1.00000000e+00   1144 -2.17698946e-03 3.64731592e-03 -1.61504452e-02
   241    1   9.26507446e+00   9.28174113e+00   1144      0   0.00000000e+00   0.00000000e+00  -1.00000000e+00   1144 -2.18385829e-03 3.65547587e-03 -1.61774455e-02
   241    2   9.27174113e+00   9.29674113e+00   1148      0   0.00000000e+00   0.00000000e+00  -1.00000000e+00   1148 -2.19730363e-03 3.67755574e-03 -1.62633805e-02
   242    0   9.28840780e+00   9.30174113e+00   1167      0   0.00000000e+00   0.00000000e+00  -1.00000000e+00   1167 -2.19484347e-03 3.70200464e-03 -1.63926379e-02
   242    1   9.31507446e+00   9.33174113e+00   1164      0   0.00000000e+00   0.00000000e+00  -1.00000000e+00   1164 -2.20704291e-03 3.71379382e-03 -1.64120998e-02
   242    2   9.32174113e+00   9.34674113e+00   1176      0   0.00000000e+00   0.00000000e+00  -1.00000000e+00   1176 -2.20458927e-03 3.72894787e-03 -1.64785552e-02
   243    0   9.33840780e+00   9.35174113e+00   1170      0   0.00000000e+00   0.00000000e+00  -1.00000000e+00   1170 -2.25185615e-03 3.77961456e-03 -1.65773254e-02
   243    1   9.36507446e+00   9.38174113e+00   1166      0   0.00000000e+00   0.00000000e+00  -1.00000000e+00   1166 -2.26673931e-03 3.79268623e-03 -1.65893612e-02
   243    2   9.37174113e+00   9.39674113e+00   1176      0   0.00000000e+00   0.00000000e+00  -1.00000000e+00   1176 -2.26907286e-03 3.81058575e-03 -1.66365828e-02
   244    0   9.38840780e+00   9.40174113e+00   1186      0   0.00000000e+00   0.00000000e+00  -1.00000000e+00   1186 -2.28299896e-03 3.84822574e-03 -1.67052659e-02
   244    1   9.41507446e+00   9.43174113e+00   1182      0   0.00000000e+00   0.00000000e+00  -1.00000000e+00   1182 -2.29695489e-03 3.86217559e-03 -1.67100062e-02
   244    2   9.42174113e+00   9.44674113e+00   1182      0   0.00000000e+00   0.00000000e+00  -1.00000000e+00   1182 -2.31600767e-03 3.89279154e-03 -1.67382872e-02
   245    0   9.43840780e+00   9.45174113e+00   1190      0   0.00000000e+00   0.00000000e+00  -1.00000000e+00   1190 -2.33232715e-03 3.93387073e-03 -1.67773582e-02
   245    1   9.46507446e+00   9.48174113e+00   1202      0   0.00000000e+00   0.00000000e+00  -1.00000000e+00   1202 -2.31613861e-03 3.93036452e-03 -1.67749517e-02
   245    2   9.47174113e+00   9.49674113e+00   1206      0   0.00000000e+00   0.00000000e+00  -1.00000000e+00   1206 -2.33165068e-03 3.95487254e-03 -1.67846322e-02
   246    0   9.48840780e+00   9.50174113e+00   1190      0   0.00000000e+00   0.00000000e+00  -1.00000000e+00   1190 -2.39932622e-03 4.02165551e-03 -1.67946392e-02
   246    1   9.51507446e+00   9.53174113e+00   1182      0   0.00000000e+00   0.00000000e+00  -1.00000000e+00   1182 -2.42266635e-03 4.04044501e-03 -1.67852521e-02
   246    2   9.52174113e+00   9.54674113e+00   1183      0   0.00000000e+00   0.00000000e+00  -1.00000000e+00   1183 -2.44200158e-03 4.07117995e-03 -1.67767182e-02
   247    0   9.53840780e+00   9.55174113e+00   1186      0   0.00000000e+00   0.00000000e+00  -1.00000000e+00   1186 -2.47032875e-03 4.12052068e-03 -1.70125257e-02
   247    1   9.56507446e+00   9.58174113e+00   1186      0   0.00000000e+00   0.00000000e+00  -1.00000000e+00   1186 -2.47702624e-03 4.13107624e-03 -1.70579564e-02
   247    2   9.57174113e+00   9.59674113e+00   1189      0   0.00000000e+00   0.00000000e+00  -1.00000000e+00   1189 -2.49265471e-03 4.15985871e-03 -1.71922151e-02
   248    0   9.58840780e+00   9.60174113e+00   1205      0   0.00000000e+00   0.00000000e+00  -1.00000000e+00   1205 -2.49923158e-03 4.19253917e-03 -1.73968381e-02
   248    1   9.61507446e+00   9.63174113e+00   1202      0   0.00000000e+00   0.00000000e+00  -1.00000000e+00   1202 -2.51401754e-03 4.20576298e-03 -1.74341931e-02
   248    2   9.62174113e+00   9.64674113e+00   1201      0   0.00000000e+00   0.00000000e+00  -1.00000000e+00   1201 -2.54265314e-03 4.23783188e-03 -1.75476587e-02
   249    0   9.63840780e+00   9.65174113e+00   1191      0   0.00000000e+00   0.00000000e+00  -1.00000000e+00   1191 -2.60579091e-03 4.30207232e-03 -1.77197166e-02
   249    1   9.66507446e+00   9.68174113e+00   1186      0   0.00000000e+00   0.00000000e+00  -1.00000000e+00   1186 -2.62511016e-03 4.31853349e-03 -1.77490769e-02
   249    2   9.67174113e+00   9.69674113e+00   1182      0   0.00000000e+00   0.00000000e+00  -1.00000000e+00   1182 -2.65951259e-03 4.35664862e-03 -1.78419144e-02
   250    0   9.68840780e+00   9.70174113e+00   1167      0   0.00000000e+00   0.00000000e+00  -1.00000000e+00   1167 -2.73420156e-03 4.43052164e-03 -1.82042943e-02
   250    1   9.71507446e+00   9.73174113e+00   1174      0   0.00000000e+00   0.00000000e+00  -1.00000000e+00   1174 -2.72591840e-03 4.43363827e-03 -1.83285541e-02
   250    2   9.72174113e+00   9.74674113e+00   1182      0   0.00000000e+00   0.00000000e+00  -1.00000000e+00   1182 -2.73299053e-03 4.45865070e-03 -1.86692863e-02
   251    0   9.73840780e+00   9.75174113e+00   1191      0   0.00000000e+00   0.00000000e+00  -1.00000000e+00   1191 -2.75154074e-03 4.50559746e-03 -1.91960506e-02
   251    1   9.76507446e+00   9.78174113e+00   1190      0   0.00000000e+00   0.00000000e+00  -1.00000000e+00   1190 -2.76156955e-03 4.51831572e-03 -1.93100495e-02
   251    2   9.77174113e+00   9.79674113e+00   1190      0   0.00000000e+00   0.00000000e+00  -1.00000000e+00   1190 -2.78476498e-03 4.55418860e-03 -1.96246575e-02
   252    0   9.78840780e+00   9.80174113e+00   1202      0   0.00000000e+00   0.00000000e+00  -1.00000000e+00   1202 -2.79299580e-03 4.59861511e-03 -2.01104305e-02
   252    1   9.81507446e+00   9.83174113e+00   1198      0   0.00000000e+00   0.00000000e+00  -1.00000000e+00   1198 -2.80902160e-03 4.61529265e-03 -2.02141460e-02
   252    2   9.82174113e+00   9.84674113e+00   1210      0   0.00000000e+00   0.00000000e+00  -1.00000000e+00   1210 -2.80178748e-03 4.63706687e-03 -2.05025061e-02
   253    0   9.83840780e+00   9.85174113e+00   1214      0   0.00000000e+00   0.00000000e+00  -1.00000000e+00   1214 -2.82932093e-03 4.68900580e-03 -2.09470716e-02
   253    1   9.86507446e+00   9.88174113e+00   1222      0   0.00000000e+00   0.00000000e+00  -1.00000000e+00   1222 -2.81826696e-03 4.69019479e-03 -2.10404914e-02
   253    2   9.87174113e+00   9.89674113e+00   1232      0   0.00000000e+00   0.00000000e+00  -1.00000000e+00   1232 -2.82021146e-03 4.71124192e-03 -2.13025211e-02
   254    0   9.88840780e+00   9.90174113e+00   1246      0   0.00000000e+00   0.00000000e+00  -1.00000000e+00   1246 -2.82779309e-03 4.74931409e-03 -2.17057903e-02
   254    1   9.91507446e+00   9.93174113e+00   1246      0   0.00000000e+00   0.00000000e+00  -1.00000000e+00   1246 -2.83539618e-03 4.76033767e-03 -2.17889324e-02
   254    2   9.92174113e+00   9.94674113e+00   1258      0   0.00000000e+00   0.00000000e+00  -1.00000000e+00   1258 -2.83126412e-03 4.78022099e-03 -2.20246223e-02
   255    0   9.93840780e+00   9.95174113e+00   1262      0   0.00000000e+00   0.00000000e+00  -1.00000000e+00   1262 -2.85949855e-03 4.83196682e-03 -2.23866014e-02
   255    1   9.96507446e+00   9.98174113e+00   1266      0   0.00000000e+00   0.00000000e+00  -1.00000000e+00   1266 -2.85784622e-03 4.83811175e-03 -2.24595072e-02
   255    2   9.97174113e+00   9.99674113e+00   1270      0   0.00000000e+00   0.00000000e+00  -1.00000000e+00   1270 -2.87243138e-03 4.86750274e-03 -2.26689101e-02
   256    0   9.98840780e+00   1.00017411e+01   1266      0   0.00000000e+00   0.00000000e+00  -1.00000000e+00   1266 -2.92060552e-03 4.92880163e-03 -2.29897011e-02
   256    1   1.00150745e+01   1.00317411e+01   1266      0   0.00000000e+00   0.00000000e+00  -1.00000000e+00   1266 -2.92874226e-03 4.93971869e-03 -2.30524346e-02
   256    2   1.00217411e+01   1.00467411e+01   1278      0   0.00000000e+00   0.00000000e+00  -1.00000000e+00   1278 -2.92554380e-03 4.95921553e-03 -2.32356621e-02
   257    0   1.00384078e+01   1.00517411e+01   1278      0   0.00000000e+00   0.00000000e+00  -1.00000000e+00   1278 -2.96481888e-03 5.01646332e-03 -2.35154599e-02
   257    1   1.00650745e+01   1.00817411e+01   1278      0   0.00000000e+00   0.00000000e+00  -1.00000000e+00   1278 -2.97239632e-03 5.02787408e-03 -2.35681080e-02
   257    2   1.00717411e+01   1.00967411e+01   1282      0   0.00000000e+00   0.00000000e+00  -1.00000000e+00   1282 -2.98768152e-03 5.05779180e-03 -2.37253304e-02
   258    0   1.00884078e+01   1.01017411e+01   1298      0   0.00000000e+00   0.00000000e+00  -1.00000000e+00   1298 -2.99176666e-03 5.09378155e-03 -2.39644210e-02
   258    1   1.01150745e+01   1.01317411e+01   1306      0   0.00000000e+00   0.00000000e+00  -1.00000000e+00   1306 -2.98213395e-03 5.09424569e-03 -2.40070918e-02
   258    2   1.01217411e+01   1.01467411e+01   1318      0   0.00000000e+00   0.00000000e+00  -1.00000000e+00   1318 -2.98070681e-03 5.11307275e-03 -2.41385356e-02
   259    0   1.01384078e+01   1.01517411e+01   1310      0   0.00000000e+00   0.00000000e+00  -1.00000000e+00   1310 -3.03867851e-03 5.18079157e-03 -2.43372934e-02
   259    1   1.01650745e+01   1.01817411e+01   1306      0   0.00000000e+00   0.00000000e+00  -1.00000000e+00   1306 -3.05570001e-03 5.19732963e-03 -2.43701167e-02
   259    2   1.01717411e+01   1.01967411e+01   1306      0   0.00000000e+00   0.00000000e+00  -1.00000000e+00   1306 -3.07904594e-03 5.23310238e-03 -2.44760651e-02
   260    0   1.01884078e+01   1.02017411e+01   1321      0   0.00000000e+00   0.00000000e+00  -1.00000000e+00   1321 -3.07991516e-03 5.27236690e-03 -2.46349516e-02
   260    1   1.02150745e+01   1.02317411e+01   1318      0   0.00000000e+00   0.00000000e+00  -1.00000000e+00   1318 -3.09391351e-03 5.28771630e-03 -2.46580776e-02
   260    2   1.02217411e+01   1.02467411e+01   1322      0   0.00000000e+00   0.00000000e+00  -1.00000000e+00   1322 -3.10571335e-03 5.31834311e-03 -2.47388676e-02
   261    0   1.02384078e+01   1.02517411e+01   1326      0   0.00000000e+00   0.00000000e+00  -1.00000000e+00   1326 -3.12942889e-03 5.37153393e-03 -2.48584332e-02
   261    1   1.02650745e+01   1.02817411e+01   1326      0   0.00000000e+00   0.00000000e+00  -1.00000000e+00   1326 -3.13599962e-03 5.38260351e-03 -2.48720374e-02
   261    2   1.02717411e+01   1.02967411e+01   1330      0   0.00000000e+00   0.00000000e+00  -1.00000000e+00   1330 -3.14935492e-03 5.41086133e-03 -2.49280725e-02
   262    0   1.02884078e+01   1.03017411e+01   1344      0   0.00000000e+00   0.00000000e+00  -1.00000000e+00   1344 -3.15222912e-03 5.44733668e-03 -2.50793529e-02
   262    1   1.03150745e+01   1.03317411e+01   1344      0   0.00000000e+00   0.00000000e+00  -1.00000000e+00   1344 -3.15878000e-03 5.45805448e-03 -2.51093091e-02
   262    2   1.03217411e+01   1.03467411e+01   1350      0   0.00000000e+00   0.00000000e+00  -1.00000000e+00   1350 -3.16665432e-03 5.48319906e-03 -2.52080522e-02
   263    0   1.03384078e+01   1.03517411e+01   1338      0   0.00000000e+00   0.00000000e+00  -1.00000000e+00   1338 -3.23176690e-03 5.55383211e-03 -2.53555869e-02
   263    1   1.03650745e+01   1.03817411e+01   1342      0   0.00000000e+00   0.00000000e+00  -1.00000000e+00   1342 -3.22908110e-03 5.55876493e-03 -2.53758045e-02
   263    2   1.03717411e+01   1.03967411e+01   1358      0   0.00000000e+00   0.00000000e+00  -1.00000000e+00   1358 -3.21341606e-03 5.56972238e-03 -2.54492589e-02
   264    0   1.03884078e+01   1.04017411e+01   1350      0   0.00000000e+00   0.00000000e+00  -1.00000000e+00   1350 -3.26804883e-03 5.63531117e-03 -2.55572766e-02
   264    1   1.04150745e+01   1.04317411e+01   1354      0   0.00000000e+00   0.00000000e+00  -1.00000000e+00   1354 -3.26516155e-03 5.64015996e-03 -2.55679364e-02
   264    2   1.04217411e+01   1.04467411e+01   1365      0   0.00000000e+00   0.00000000e+00  -1.00000000e+00   1365 -3.26025954e-03 5.65809583e-03 -2.56165178e-02
   265    0   1.04384078e+01   1.04517411e+01   1366      0   0.00000000e+00   0.00000000e+00  -1.00000000e+00   1366 -3.29789224e-03 5.70837067e-03 -2.56856878e-02
   265    1   1.04650745e+01   1.04817411e+01   1370      0   0.00000000e+00   0.00000000e+00  -1.00000000e+00   1370 -3.29724567e-03 5.71205251e-03 -2.56869905e-02
   265    2   1.04717411e+01   1.04967411e+01   1366      0   0.00000000e+00   0.00000000e+00  -1.00000000e+00   1366 -3.33385633e-03 5.74879002e-03 -2.57111762e-02
   266    0   1.04884078e+01   1.05017411e+01   1345      0   0.00000000e+00   0.00000000e+00  -1.00000000e+00   1345 -3.42831784e-03 5.83218113e-03 -2.58604171e-02
   266    1   1.05150745e+01   1.05317411e+01   1346      0   0.00000000e+00   0.00000000e+00  -1.00000000e+00   1346 -3.43397227e-03 5.84123579e-03 -2.59061250e-02
   266    2   1.05217411e+01   1.05467411e+01   1358      0   0.00000000e+00   0.00000000e+00  -1.00000000e+00   1358 -3.42969470e-03 5.85766505e-03 -2.60461354e-02
   267    0   1.05384078e+01   1.05517411e+01   1360      0   0.00000000e+00   0.00000000e+00  -1.00000000e+00   1360 -3.46555781e-03 5.91143864e-03 -2.62580042e-02
   267    1   1.05650745e+01   1.05817411e+01   1361      0   0.00000000e+00   0.00000000e+00  -1.00000000e+00   1361 -3.47064363e-03 5.92117376e-03 -2.62935525e-02
   267    2   1.05717411e+01   1.05967411e+01   1368      0   0.00000000e+00   0.00000000e+00  -1.00000000e+00   1368 -3.47624020e-03 5.94713147e-03 -2.64072467e-02
   268    0   1.05884078e+01   1.06017411e+01   1363      0   0.00000000e+00   0.00000000e+00  -1.00000000e+00   1363 -3.53418392e-03 6.01027090e-03 -2.65779743e-02
   268    1   1.06150745e+01   1.06317411e+01   1348      0   0.00000000e+00   0.00000000e+00  -1.00000000e+00   1348 -3.58225374e-03 6.04310385e-03 -2.66035189e-02
   268    2   1.06217411e+01   1.06467411e+01   1348      0   0.00000000e+00   0.00000000e+00  -1.00000000e+00   1348 -3.60856189e-03 6.07940268e-03 -2.66912473e-02
   269    0   1.06384078e+01   1.06517411e+01   1348      0   0.00000000e+00   0.00000000e+00  -1.00000000e+00   1348 -3.64985433e-03 6.14059023e-03 -2.68214014e-02
   269    1   1.06650745e+01   1.06817411e+01   1348      0   0.00000000e+00   0.00000000e+00  -1.00000000e+00   1348 -3.65759578e-03 6.15271126e-03 -2.68371195e-02
   269    2   1.06717411e+01   1.06967411e+01   1348      0   0.00000000e+00   0.00000000e+00  -1.00000000e+00   1348 -3.68102401e-03 6.19163771e-03 -2.68992876e-02
   270    0   1.06884078e+01   1.07017411e+01   1352      0   0.00000000e+00   0.00000000e+00  -1.00000000e+00   1352 -3.70781115e-03 6.24968314e-03 -2.69895218e-02
   270    1   1.07150745e+01   1.07317411e+01   1352      0   0.00000000e+00   0.00000000e+00  -1.00000000e+00   1352 -3.71607266e-03 6.26157190e-03 -2.69956111e-02
   270    2   1.07217411e+01   1.07467411e+01   1372      0   0.00000000e+00   0.00000000e+00  -1.00000000e+00   1372 -3.68880601e-03 6.26869803e-03 -2.70326782e-02
   271    0   1.07384078e+01   1.07517411e+01   1377      0   0.00000000e+00   0.00000000e+00  -1.00000000e+00   1377 -3.72020512e-03 6.32244727e-03 -2.70837303e-02
